"","Prestació","Mes","Grau 3","3 (ALTES)","G3 ORDINÀRIA","G3 ENDARRERIMENTS","Grau 3-2","3-2 (ALTES)","G3-2 ORDINÀRIA","G3-2 ENDARRERIMENTS","Grau 3-1","3-1 (ALTES)","G3-1 ORDINÀRIA","G3-1 ENDARRERIMENTS","Grau 2","2 (ALTES)","G2 ORDINÀRIA","G2 ENDARRERIMENTS","Grau 2-2","2-2 (ALTES)","G2-2 ORDINÀRIA","G2-2 ENDARRERIMENTS","Grau 2-1","2-1 (ALTES)","G2-1 ORDINÀRIA","G2-1 ENDARRERIMENTS","Grau 1-2","1-2 (ALTES)","G1-2 ORDINÀRIA","G1-2 ENDARRERIMENTS","Grau 1","1 (ALTES)","G1 ORDINÀRIA","G1 ENDARRERIMENTS","Any","Grau 1-1","1-1 (ALTES)","G1-1 ORDINÀRIA","G1-1 ENDARRERIMENTS"
"1","PRESTACIONS ECONÒMIQUES VINCULADES AL SERVEI (CENTRE DE DIA)","01",NA,NA,NA,NA,26,0,13117.05,0,52,0,19019.55,3643.85,NA,NA,NA,NA,22,0,5936.29,0,32,0,7507.04,0,3,0,540,0,NA,NA,NA,NA,ene 2012,NA,NA,NA,NA
"2","PRESTACIONS ECONÒMIQUES VINCULADES AL SERVEI (ACOLLIMENT RESIDENCIAL)","01",NA,NA,NA,NA,2126,1,2016919.18,7887.15,3671,7,2673803.95,26908.41,NA,NA,NA,NA,1570,1,847655.97,3058.85,1625,4,769482.65,4688.26,0,0,0,0,NA,NA,NA,NA,ene 2012,NA,NA,NA,NA
"3","PRESTACIONS ECONÒMIQUES VINCULADES AL SERVEI (SUPORT DOMICILIARI INFERIOR)","01",NA,NA,NA,NA,1,0,665.17,0,5,0,2040.44,0,NA,NA,NA,NA,2,0,540.75,0,15,0,3514.5,0,1,0,180,0,NA,NA,NA,NA,ene 2012,NA,NA,NA,NA
"4","PRESTACIONS ECONÒMIQUES VINCULADES AL SERVEI (SUPORT DOMICILIARI SUPERIOR)","01",NA,NA,NA,NA,85,0,53494.15,0,87,0,40810.7,0,NA,NA,NA,NA,44,0,15253.98,0,44,0,13912.6,0,1,0,240,0,NA,NA,NA,NA,ene 2012,NA,NA,NA,NA
"5","ASSISTENT PERSONAL","01",NA,NA,NA,NA,13,0,12417.24,0,7,0,4923.29,0,NA,NA,NA,NA,0,0,0,0,1,0,437.84,0,0,0,0,0,NA,NA,NA,NA,ene 2012,NA,NA,NA,NA
"6","PRESTACIONS ECONÒMIQUES VINCULADES AL SERVEI (CENTRE DE DIA)","02",NA,NA,NA,NA,25,0,11826.78,0,48,0,17893.71,0,NA,NA,NA,NA,23,1,6195.49,0,30,1,6796.92,0,2,0,360,0,NA,NA,NA,NA,feb 2012,NA,NA,NA,NA
"7","PRESTACIONS ECONÒMIQUES VINCULADES AL SERVEI (ACOLLIMENT RESIDENCIAL)","02",NA,NA,NA,NA,1992,1,1888173.02,5190,3429,2,2492685.02,8748.08,NA,NA,NA,NA,1481,2,798124.46,2857.07,1528,1,719627.12,841.26,0,0,0,0,NA,NA,NA,NA,feb 2012,NA,NA,NA,NA
"8","PRESTACIONS ECONÒMIQUES VINCULADES AL SERVEI (SUPORT DOMICILIARI INFERIOR)","02",NA,NA,NA,NA,1,0,665.17,0,5,0,2040.44,0,NA,NA,NA,NA,2,0,540.75,0,13,0,3033.06,0,1,0,180,0,NA,NA,NA,NA,feb 2012,NA,NA,NA,NA
"9","PRESTACIONS ECONÒMIQUES VINCULADES AL SERVEI (SUPORT DOMICILIARI SUPERIOR)","02",NA,NA,NA,NA,84,0,52826.98,0,84,0,39409.65,0,NA,NA,NA,NA,42,0,14435.62,0,43,0,13591.64,0,1,0,240,0,NA,NA,NA,NA,feb 2012,NA,NA,NA,NA
"10","ASSISTENT PERSONAL","02",NA,NA,NA,NA,13,0,12417.24,0,7,0,4923.29,0,NA,NA,NA,NA,0,0,0,0,1,0,437.84,0,0,0,0,0,NA,NA,NA,NA,feb 2012,NA,NA,NA,NA
"11","PRESTACIONS ECONÒMIQUES VINCULADES AL SERVEI (CENTRE DE DIA)","03",NA,NA,NA,NA,22,1,10807.27,5454.14,53,7,18031.09,8028.93,NA,NA,NA,NA,29,6,6458.93,6557.89,32,8,6883.2,7737.08,5,3,540,3897.99,NA,NA,NA,NA,mar 2012,NA,NA,NA,NA
"12","PRESTACIONS ECONÒMIQUES VINCULADES AL SERVEI (ACOLLIMENT RESIDENCIAL)","03",NA,NA,NA,NA,1887,22,1790548.51,247530.89,3281,76,2374919.4,380598.78,NA,NA,NA,NA,1403,21,753248.16,65417.33,1461,43,686534.4,101001.92,0,0,0,0,NA,NA,NA,NA,mar 2012,NA,NA,NA,NA
"13","PRESTACIONS ECONÒMIQUES VINCULADES AL SERVEI (SUPORT DOMICILIARI INFERIOR)","03",NA,NA,NA,NA,1,0,665.17,0,5,0,2040.44,0,NA,NA,NA,NA,2,0,281.93,0,13,0,3033.06,0,2,1,180,678.3,NA,NA,NA,NA,mar 2012,NA,NA,NA,NA
"14","PRESTACIONS ECONÒMIQUES VINCULADES AL SERVEI (SUPORT DOMICILIARI SUPERIOR)","03",NA,NA,NA,NA,80,0,49991.51,3432,83,1,38328.33,4389.15,NA,NA,NA,NA,41,0,14265.54,0,45,3,13863.74,9762.19,1,0,240,0,NA,NA,NA,NA,mar 2012,NA,NA,NA,NA
"15","ASSISTENT PERSONAL","03",NA,NA,NA,NA,13,0,12417.24,0,7,0,4923.8,0,NA,NA,NA,NA,0,0,0,0,0,0,0,0,0,0,0,0,NA,NA,NA,NA,mar 2012,NA,NA,NA,NA
"16","PRESTACIONS ECONÒMIQUES VINCULADES AL SERVEI (CENTRE DE DIA)","04",NA,NA,NA,NA,20,0,9787.77,0,47,0,18012.33,3921.72,NA,NA,NA,NA,25,0,6458.93,1005.28,31,1,6642.48,4999.99,3,0,540,0,NA,NA,NA,NA,abr 2012,NA,NA,NA,NA
"17","PRESTACIONS ECONÒMIQUES VINCULADES AL SERVEI (ACOLLIMENT RESIDENCIAL)","04",NA,NA,NA,NA,1805,21,1696002.83,310307.13,3106,65,2236133.5,527459.35,NA,NA,NA,NA,1325,39,709233.57,183055.26,1402,41,655235.48,204057.41,0,0,0,0,NA,NA,NA,NA,abr 2012,NA,NA,NA,NA
"18","PRESTACIONS ECONÒMIQUES VINCULADES AL SERVEI (SUPORT DOMICILIARI INFERIOR)","04",NA,NA,NA,NA,1,0,665.17,0,5,0,2040.44,0,NA,NA,NA,NA,1,0,263.44,0,13,0,3033.06,0,1,0,180,0,NA,NA,NA,NA,abr 2012,NA,NA,NA,NA
"19","PRESTACIONS ECONÒMIQUES VINCULADES AL SERVEI (SUPORT DOMICILIARI SUPERIOR)","04",NA,NA,NA,NA,74,0,46721.95,0,79,0,36835.53,0,NA,NA,NA,NA,39,0,13726.94,0,43,0,13510.68,0,0,0,0,0,NA,NA,NA,NA,abr 2012,NA,NA,NA,NA
"20","ASSISTENT PERSONAL","04",NA,NA,NA,NA,13,0,12417.24,0,6,0,4485.97,0,NA,NA,NA,NA,0,0,0,0,0,0,0,0,0,0,0,0,NA,NA,NA,NA,abr 2012,NA,NA,NA,NA
"21","PRESTACIONS ECONÒMIQUES VINCULADES AL SERVEI (CENTRE DE DIA)","05",NA,NA,NA,NA,19,0,9287.4,0,44,0,16377.71,556.87,NA,NA,NA,NA,25,3,5932.05,1674.08,25,0,5691.64,0,3,0,540,0,NA,NA,NA,NA,may 2012,NA,NA,NA,NA
"22","PRESTACIONS ECONÒMIQUES VINCULADES AL SERVEI (ACOLLIMENT RESIDENCIAL)","05",NA,NA,NA,NA,1786,57,1627520.28,467400.95,3195,224,2150322.07,1092714.58,NA,NA,NA,NA,1362,108,676816.15,326118.73,1483,158,629755.86,389685.61,0,0,0,0,NA,NA,NA,NA,may 2012,NA,NA,NA,NA
"23","PRESTACIONS ECONÒMIQUES VINCULADES AL SERVEI (SUPORT DOMICILIARI INFERIOR)","05",NA,NA,NA,NA,1,0,665.17,0,4,0,1665.16,0,NA,NA,NA,NA,1,0,263.44,0,10,0,2310.9,0,1,0,180,0,NA,NA,NA,NA,may 2012,NA,NA,NA,NA
"24","PRESTACIONS ECONÒMIQUES VINCULADES AL SERVEI (SUPORT DOMICILIARI SUPERIOR)","05",NA,NA,NA,NA,70,0,44533.69,0,71,0,32883.89,0,NA,NA,NA,NA,39,0,13726.94,0,42,0,13189.72,0,0,0,0,0,NA,NA,NA,NA,may 2012,NA,NA,NA,NA
"25","ASSISTENT PERSONAL","05",NA,NA,NA,NA,15,1,14504.79,8242.5,10,2,7135.55,14561.5,NA,NA,NA,NA,0,0,0,0,0,0,0,0,0,0,0,0,NA,NA,NA,NA,may 2012,NA,NA,NA,NA
"26","PRESTACIONS ECONÒMIQUES VINCULADES AL SERVEI (CENTRE DE DIA)","06",NA,NA,NA,NA,18,0,8787.02,0,40,1,14521.05,5119.38,NA,NA,NA,NA,25,3,6209.36,5303.15,26,2,5691.64,2286.84,4,1,720,1554,NA,NA,NA,NA,jun 2012,NA,NA,NA,NA
"27","PRESTACIONS ECONÒMIQUES VINCULADES AL SERVEI (ACOLLIMENT RESIDENCIAL)","06",NA,NA,NA,NA,1761,30,1635245.72,311448.27,3081,57,2180727.01,392678.91,NA,NA,NA,NA,1314,34,689673.57,151652.85,1400,38,639625.25,121801.81,0,0,0,0,NA,NA,NA,NA,jun 2012,NA,NA,NA,NA
"28","PRESTACIONS ECONÒMIQUES VINCULADES AL SERVEI (SUPORT DOMICILIARI INFERIOR)","06",NA,NA,NA,NA,1,0,665.17,0,4,0,1665.16,0,NA,NA,NA,NA,1,0,263.44,0,9,0,2070.18,0,1,0,180,0,NA,NA,NA,NA,jun 2012,NA,NA,NA,NA
"29","PRESTACIONS ECONÒMIQUES VINCULADES AL SERVEI (SUPORT DOMICILIARI SUPERIOR)","06",NA,NA,NA,NA,68,0,43199.35,0,70,0,31908.16,503.89,NA,NA,NA,NA,36,0,12636.2,0,39,0,12226.84,0,0,0,0,0,NA,NA,NA,NA,jun 2012,NA,NA,NA,NA
"30","ASSISTENT PERSONAL","06",NA,NA,NA,NA,18,3,15229.79,8320.7,17,7,12823.63,15544.01,NA,NA,NA,NA,0,0,0,0,0,0,0,0,0,0,0,0,NA,NA,NA,NA,jun 2012,NA,NA,NA,NA
"31","PRESTACIONS ECONÒMIQUES VINCULADES AL SERVEI (CENTRE DE DIA)","07",NA,NA,NA,NA,18,0,8787.02,0,36,0,13395.21,0,NA,NA,NA,NA,24,2,6472.8,5177.15,28,6,4984.89,5049.93,7,3,720,4191.67,NA,NA,NA,NA,jul 2012,NA,NA,NA,NA
"32","PRESTACIONS ECONÒMIQUES VINCULADES AL SERVEI (ACOLLIMENT RESIDENCIAL)","07",NA,NA,NA,NA,1680,33,1583354.4,388982.69,2958,78,2132089.43,499035.94,NA,NA,NA,NA,1275,36,670781.45,179588.18,1359,50,630056.9,229039.71,0,0,0,0,NA,NA,NA,NA,jul 2012,NA,NA,NA,NA
"33","PRESTACIONS ECONÒMIQUES VINCULADES AL SERVEI (SUPORT DOMICILIARI INFERIOR)","07",NA,NA,NA,NA,1,0,665.17,0,4,0,1665.16,0,NA,NA,NA,NA,1,0,263.44,0,10,1,2298.86,2058.12,2,1,324,825.6,NA,NA,NA,NA,jul 2012,NA,NA,NA,NA
"34","PRESTACIONS ECONÒMIQUES VINCULADES AL SERVEI (SUPORT DOMICILIARI SUPERIOR)","07",NA,NA,NA,NA,66,0,41498.06,711.65,69,3,31549.55,18677.05,NA,NA,NA,NA,35,0,12266.46,0,36,1,11280.01,4076.19,0,0,0,0,NA,NA,NA,NA,jul 2012,NA,NA,NA,NA
"35","ASSISTENT PERSONAL","07",NA,NA,NA,NA,20,2,17898.47,16012.08,21,4,14880.46,10700.75,NA,NA,NA,NA,0,0,0,0,0,0,0,0,0,0,0,0,NA,NA,NA,NA,jul 2012,NA,NA,NA,NA
"36","PRESTACIONS ECONÒMIQUES VINCULADES AL SERVEI (CENTRE DE DIA)","08",NA,NA,NA,NA,18,0,8787.02,0,35,0,13395.21,0,NA,NA,NA,NA,24,0,6472.8,0,22,0,4984.89,0,4,0,720,0,NA,NA,NA,NA,ago 2012,NA,NA,NA,NA
"37","PRESTACIONS ECONÒMIQUES VINCULADES AL SERVEI (ACOLLIMENT RESIDENCIAL)","08",NA,NA,NA,NA,1651,0,1571858.26,0,2893,0,2114064.15,0,NA,NA,NA,NA,1236,0,663557.58,0,1323,0,624739,0,0,0,0,0,NA,NA,NA,NA,ago 2012,NA,NA,NA,NA
"38","PRESTACIONS ECONÒMIQUES VINCULADES AL SERVEI (SUPORT DOMICILIARI INFERIOR)","08",NA,NA,NA,NA,1,0,665.17,0,4,0,1665.16,0,NA,NA,NA,NA,1,0,263.44,0,10,0,2298.86,0,2,0,324,0,NA,NA,NA,NA,ago 2012,NA,NA,NA,NA
"39","PRESTACIONS ECONÒMIQUES VINCULADES AL SERVEI (SUPORT DOMICILIARI SUPERIOR)","08",NA,NA,NA,NA,66,0,41498.06,0,67,0,30932.42,0,NA,NA,NA,NA,35,0,12266.46,0,35,0,10959.05,0,0,0,0,0,NA,NA,NA,NA,ago 2012,NA,NA,NA,NA
"40","ASSISTENT PERSONAL","08",NA,NA,NA,NA,20,0,17898.47,0,21,0,14880.46,0,NA,NA,NA,NA,0,0,0,0,0,0,0,0,0,0,0,0,NA,NA,NA,NA,ago 2012,NA,NA,NA,NA
"41","PRESTACIONS ECONÒMIQUES VINCULADES AL SERVEI (CENTRE DE DIA)","09",NA,NA,NA,NA,19,1,9262.38,0,43,14,15928.36,0,NA,NA,NA,NA,35,15,9330.27,0,36,17,8078.85,0,26,23,4554,0,NA,NA,NA,NA,sep 2012,NA,NA,NA,NA
"42","PRESTACIONS ECONÒMIQUES VINCULADES AL SERVEI (ACOLLIMENT RESIDENCIAL)","09",NA,NA,NA,NA,1990,344,1884409.14,19688.5,3880,1096,2798333.42,49058.98,NA,NA,NA,NA,1743,629,927254.56,6391.41,1918,776,898743.32,18334.29,0,0,0,0,NA,NA,NA,NA,sep 2012,NA,NA,NA,NA
"43","PRESTACIONS ECONÒMIQUES VINCULADES AL SERVEI (SUPORT DOMICILIARI INFERIOR)","09",NA,NA,NA,NA,1,0,665.17,0,4,0,1665.16,0,NA,NA,NA,NA,1,0,263.44,0,10,0,2298.86,0,5,3,864,4244.51,NA,NA,NA,NA,sep 2012,NA,NA,NA,NA
"44","PRESTACIONS ECONÒMIQUES VINCULADES AL SERVEI (SUPORT DOMICILIARI SUPERIOR)","09",NA,NA,NA,NA,62,0,38911.73,0,68,1,31407.78,10624.57,NA,NA,NA,NA,34,0,11225.02,65.92,32,1,9980.12,2825.5,1,1,240,3992,NA,NA,NA,NA,sep 2012,NA,NA,NA,NA
"45","ASSISTENT PERSONAL","09",NA,NA,NA,NA,20,0,17898.47,0,22,1,15295.76,3322.4,NA,NA,NA,NA,0,0,0,0,0,0,0,0,0,0,0,0,NA,NA,NA,NA,sep 2012,NA,NA,NA,NA
"46","PRESTACIONS ECONÒMIQUES VINCULADES AL SERVEI (CENTRE DE DIA)","10",NA,NA,NA,NA,21,1,9762.76,0,46,4,17354.43,0,NA,NA,NA,NA,33,0,8825.65,0,30,2,6813.05,0,25,1,4383,0,NA,NA,NA,NA,oct 2012,NA,NA,NA,NA
"47","PRESTACIONS ECONÒMIQUES VINCULADES AL SERVEI (ACOLLIMENT RESIDENCIAL)","10",NA,NA,NA,NA,2033,96,1931844.03,0,4018,275,2898807.41,7520.63,NA,NA,NA,NA,1861,188,981781.24,589.4,2019,207,939802.97,3491.83,0,0,0,0,NA,NA,NA,NA,oct 2012,NA,NA,NA,NA
"48","PRESTACIONS ECONÒMIQUES VINCULADES AL SERVEI (SUPORT DOMICILIARI INFERIOR)","10",NA,NA,NA,NA,1,0,665.17,0,3,0,1249.43,0,NA,NA,NA,NA,3,2,762.6,0,9,0,2058.14,0,12,8,2061,0,NA,NA,NA,NA,oct 2012,NA,NA,NA,NA
"49","PRESTACIONS ECONÒMIQUES VINCULADES AL SERVEI (SUPORT DOMICILIARI SUPERIOR)","10",NA,NA,NA,NA,64,2,40122.14,0,74,6,34254.41,0,NA,NA,NA,NA,37,6,12784.12,0,36,5,11184.44,0,31,30,7224,0,NA,NA,NA,NA,oct 2012,NA,NA,NA,NA
"50","ASSISTENT PERSONAL","10",NA,NA,NA,NA,20,0,17898.47,0,22,0,15295.76,0,NA,NA,NA,NA,0,0,0,0,0,0,0,0,0,0,0,0,NA,NA,NA,NA,oct 2012,NA,NA,NA,NA
"51","PRESTACIONS ECONÒMIQUES VINCULADES AL SERVEI (CENTRE DE DIA)","11",NA,NA,NA,NA,18,0,8261.62,177.55,41,0,14769.24,0,NA,NA,NA,NA,28,0,7466.84,0,28,0,6379.75,54.36,24,0,4203,0,NA,NA,NA,NA,nov 2012,NA,NA,NA,NA
"52","PRESTACIONS ECONÒMIQUES VINCULADES AL SERVEI (ACOLLIMENT RESIDENCIAL)","11",NA,NA,NA,NA,1949,3,1846984.62,2727.75,3859,3,2781149.69,4075.41,NA,NA,NA,NA,1782,0,937482.17,0,1938,2,902322.12,0,0,0,0,0,NA,NA,NA,NA,nov 2012,NA,NA,NA,NA
"53","PRESTACIONS ECONÒMIQUES VINCULADES AL SERVEI (SUPORT DOMICILIARI INFERIOR)","11",NA,NA,NA,NA,0,0,0,0,3,0,1249.43,0,NA,NA,NA,NA,3,0,762.6,0,9,0,2058.14,0,12,0,2061,0,NA,NA,NA,NA,nov 2012,NA,NA,NA,NA
"54","PRESTACIONS ECONÒMIQUES VINCULADES AL SERVEI (SUPORT DOMICILIARI SUPERIOR)","11",NA,NA,NA,NA,62,0,39338.22,0,71,0,32753.29,0,NA,NA,NA,NA,36,0,12414.38,0,35,0,10927.67,0,31,0,7224,0,NA,NA,NA,NA,nov 2012,NA,NA,NA,NA
"55","ASSISTENT PERSONAL","11",NA,NA,NA,NA,19,0,17225.72,0,23,0,16087.79,2097.85,NA,NA,NA,NA,0,0,0,0,0,0,0,0,0,0,0,0,NA,NA,NA,NA,nov 2012,NA,NA,NA,NA
"56","PRESTACIONS ECONÒMIQUES VINCULADES AL SERVEI (CENTRE DE DIA)","12",NA,NA,NA,NA,17,0,8261.62,0,37,0,13978.23,0,NA,NA,NA,NA,24,0,6213.6,0,26,0,6139.03,0,22,0,3663,0,NA,NA,NA,NA,dic 2012,NA,NA,NA,NA
"57","PRESTACIONS ECONÒMIQUES VINCULADES AL SERVEI (ACOLLIMENT RESIDENCIAL)","12",NA,NA,NA,NA,1886,10,1771942.01,20787.07,3715,25,2676848.51,20741.61,NA,NA,NA,NA,1692,15,884193.31,5668.38,1849,18,855806.14,4602.1,0,0,0,0,NA,NA,NA,NA,dic 2012,NA,NA,NA,NA
"58","PRESTACIONS ECONÒMIQUES VINCULADES AL SERVEI (SUPORT DOMICILIARI INFERIOR)","12",NA,NA,NA,NA,0,0,0,0,3,0,1249.43,0,NA,NA,NA,NA,3,0,762.6,0,8,0,1817.42,0,12,1,2061,0,NA,NA,NA,NA,dic 2012,NA,NA,NA,NA
"59","PRESTACIONS ECONÒMIQUES VINCULADES AL SERVEI (SUPORT DOMICILIARI SUPERIOR)","12",NA,NA,NA,NA,66,4,41806.74,0,74,2,34529.64,0,NA,NA,NA,NA,37,1,12802.6,0,40,5,12516.42,0,31,1,7140,0,NA,NA,NA,NA,dic 2012,NA,NA,NA,NA
"60","ASSISTENT PERSONAL","12",NA,NA,NA,NA,19,0,17225.72,0,23,0,16087.79,0,NA,NA,NA,NA,0,0,0,0,0,0,0,0,0,0,0,0,NA,NA,NA,NA,dic 2012,NA,NA,NA,NA
"61","PRESTACIONS ECONÒMIQUES VINCULADES AL SERVEI (CENTRE DE DIA)","01",0,0,0,0,16,0,7596.45,0,35,1,13246.43,0,0,0,0,0,20,0,5409.41,0,29,4,6153.98,88.26,19,0,2943,0,NA,NA,NA,NA,ene 2013,NA,NA,NA,NA
"62","PRESTACIONS ECONÒMIQUES VINCULADES AL SERVEI (ACOLLIMENT RESIDENCIAL)","01",0,0,0,0,1822,12,1712506.03,2168.3,3574,31,2550346.8,13285.62,0,0,0,0,1626,17,851847.39,2449.55,1760,16,812025.65,401.2,0,0,0,0,NA,NA,NA,NA,ene 2013,NA,NA,NA,NA
"63","PRESTACIONS ECONÒMIQUES VINCULADES AL SERVEI (SUPORT DOMICILIARI INFERIOR)","01",0,0,0,0,0,0,0,0,3,0,1249.43,0,0,0,0,0,3,0,762.6,0,7,0,1648.92,0,11,0,1881,0,NA,NA,NA,NA,ene 2013,NA,NA,NA,NA
"64","PRESTACIONS ECONÒMIQUES VINCULADES AL SERVEI (SUPORT DOMICILIARI SUPERIOR)","01",0,0,0,0,66,0,41161.81,0,73,0,34029.26,0,0,0,0,0,36,0,12432.86,0,38,0,11874.5,0,31,0,7140,0,NA,NA,NA,NA,ene 2013,NA,NA,NA,NA
"65","ASSISTENT PERSONAL","01",0,0,0,0,19,0,17225.72,0,23,0,16087.79,0,NA,NA,NA,NA,0,0,0,0,0,0,0,0,0,0,0,0,NA,NA,NA,NA,ene 2013,NA,NA,NA,NA
"66","PRESTACIONS ECONÒMIQUES VINCULADES AL SERVEI (CENTRE DE DIA)","02",2,2,814.04,0,16,0,7596.45,0,36,4,12852.39,664.79,2,2,511.34,0,20,1,5381.67,263.44,33,5,6849.15,980.34,20,2,2952,497.69,NA,NA,NA,NA,feb 2013,NA,NA,NA,NA
"67","PRESTACIONS ECONÒMIQUES VINCULADES AL SERVEI (ACOLLIMENT RESIDENCIAL)","02",168,74,132666.1,10161.1,1798,52,1675784.89,13950.97,3598,204,2569391.09,41997.57,80,63,38778.26,2095.06,1649,136,859413.37,16660.69,1845,193,853203.26,17083.09,0,0,0,0,NA,NA,NA,NA,feb 2013,NA,NA,NA,NA
"68","PRESTACIONS ECONÒMIQUES VINCULADES AL SERVEI (SUPORT DOMICILIARI INFERIOR)","02",0,0,0,0,0,0,0,0,3,0,1249.43,0,0,0,0,0,3,0,762.6,0,7,0,1648.92,0,11,0,1881,0,NA,NA,NA,NA,feb 2013,NA,NA,NA,NA
"69","PRESTACIONS ECONÒMIQUES VINCULADES AL SERVEI (SUPORT DOMICILIARI SUPERIOR)","02",0,0,0,0,64,0,39963.63,0,71,0,33048.21,0,1,0,340.9,0,35,0,12063.12,0,37,0,11553.54,0,29,0,6460,0,NA,NA,NA,NA,feb 2013,NA,NA,NA,NA
"70","ASSISTENT PERSONAL","02",0,0,0,0,19,0,17225.72,0,22,0,15110.5,0,NA,NA,NA,NA,0,0,0,0,0,0,0,0,0,0,0,0,NA,NA,NA,NA,feb 2013,NA,NA,NA,NA
"71","PRESTACIONS ECONÒMIQUES VINCULADES AL SERVEI (CENTRE DE DIA)","03",2,0,814.04,0,13,0,6454.3,0,27,0,10281.72,0,2,0,511.34,0,14,0,3813,0,26,0,6139.03,0,12,0,2061,0,NA,NA,NA,NA,mar 2013,NA,NA,NA,NA
"72","PRESTACIONS ECONÒMIQUES VINCULADES AL SERVEI (ACOLLIMENT RESIDENCIAL)","03",146,4,111669.69,0,1662,2,1549414.22,6813.26,3330,5,2365958.83,3086.34,80,3,38734.22,0,1540,10,794973.64,10407.07,1725,6,787327.92,11376.69,0,0,0,0,NA,NA,NA,NA,mar 2013,NA,NA,NA,NA
"73","PRESTACIONS ECONÒMIQUES VINCULADES AL SERVEI (SUPORT DOMICILIARI INFERIOR)","03",0,0,0,0,0,0,0,0,3,0,1249.43,0,0,0,0,0,3,0,762.6,0,7,0,1648.92,0,11,0,1881,0,NA,NA,NA,NA,mar 2013,NA,NA,NA,NA
"74","PRESTACIONS ECONÒMIQUES VINCULADES AL SERVEI (SUPORT DOMICILIARI SUPERIOR)","03",1,0,0,3250.7,62,0,39278.67,0,71,1,32441.92,0,1,0,340.9,0,34,0,11525.76,0,35,1,10269.74,4906.19,27,0,6228,0,NA,NA,NA,NA,mar 2013,NA,NA,NA,NA
"75","ASSISTENT PERSONAL","03",0,0,0,0,19,0,17225.72,0,22,0,15110.5,0,NA,NA,NA,NA,0,0,0,0,0,0,0,0,0,0,0,0,NA,NA,NA,NA,mar 2013,NA,NA,NA,NA
"76","PRESTACIONS ECONÒMIQUES VINCULADES AL SERVEI (CENTRE DE DIA)","04",2,0,814.04,0,13,0,6454.3,0,26,0,9925.2,0,2,0,511.34,0,16,1,4090.31,891.96,22,0,5200.23,0,10,0,1701,0,NA,NA,NA,NA,abr 2013,NA,NA,NA,NA
"77","PRESTACIONS ECONÒMIQUES VINCULADES AL SERVEI (ACOLLIMENT RESIDENCIAL)","04",155,7,120438.38,4483.02,1596,14,1495867.64,15052.88,3239,60,2310550.86,40218.35,91,2,44272.36,553.96,1531,52,795980.93,14255.79,1687,62,777388.88,11256.97,0,0,0,0,NA,NA,NA,NA,abr 2013,NA,NA,NA,NA
"78","PRESTACIONS ECONÒMIQUES VINCULADES AL SERVEI (SUPORT DOMICILIARI INFERIOR)","04",0,0,0,0,0,0,0,0,3,0,1249.43,0,0,0,0,0,3,0,762.6,0,7,0,1648.92,0,11,0,1881,0,NA,NA,NA,NA,abr 2013,NA,NA,NA,NA
"79","PRESTACIONS ECONÒMIQUES VINCULADES AL SERVEI (SUPORT DOMICILIARI SUPERIOR)","04",1,1,324.17,0,60,0,38287.38,0,65,0,30095.56,0,1,0,340.9,0,32,0,11027.84,0,33,0,10269.74,0,27,0,6228,0,NA,NA,NA,NA,abr 2013,NA,NA,NA,NA
"80","ASSISTENT PERSONAL","04",0,0,0,0,19,0,17225.72,0,23,0,15146.96,0,NA,NA,NA,NA,0,0,0,0,0,0,0,0,0,0,0,0,NA,NA,NA,NA,abr 2013,NA,NA,NA,NA
"81","PRESTACIONS ECONÒMIQUES VINCULADES AL SERVEI (CENTRE DE DIA)","05",3,1,1144.04,0,13,0,6206.36,1000.76,27,2,10000.25,3077.77,2,0,511.34,0,13,0,3549.56,0,19,0,4478.07,1652.42,9,0,1593,0,NA,NA,NA,NA,may 2013,NA,NA,NA,NA
"82","PRESTACIONS ECONÒMIQUES VINCULADES AL SERVEI (ACOLLIMENT RESIDENCIAL)","05",171,16,136418.55,5324.33,1535,16,1443470.93,19492.37,3168,64,2257081.69,42510.66,119,18,58417.03,0,1517,47,792449.25,2960.17,1682,66,776689.36,3269.78,0,0,0,0,NA,NA,NA,NA,may 2013,NA,NA,NA,NA
"83","PRESTACIONS ECONÒMIQUES VINCULADES AL SERVEI (SUPORT DOMICILIARI INFERIOR)","05",0,0,0,0,0,0,0,0,3,0,1249.43,0,0,0,0,0,3,0,762.6,0,7,0,1648.92,0,11,0,1881,0,NA,NA,NA,NA,may 2013,NA,NA,NA,NA
"84","PRESTACIONS ECONÒMIQUES VINCULADES AL SERVEI (SUPORT DOMICILIARI SUPERIOR)","05",0,0,0,0,60,0,37775.88,0,68,2,31546.66,0,1,0,340.9,0,32,0,11027.84,0,31,0,9708.06,0,27,0,6180,0,NA,NA,NA,NA,may 2013,NA,NA,NA,NA
"85","ASSISTENT PERSONAL","05",0,0,0,0,20,1,18560.06,0,23,0,15146.96,0,NA,NA,NA,NA,0,0,0,0,0,0,0,0,0,0,0,0,NA,NA,NA,NA,may 2013,NA,NA,NA,NA
"86","PRESTACIONS ECONÒMIQUES VINCULADES AL SERVEI (CENTRE DE DIA)","06",3,0,1144.04,0,12,0,5705.98,0,29,4,11126.09,0,3,1,767.01,0,15,3,4104.18,0,18,1,4237.35,0,10,0,1773,0,NA,NA,NA,NA,jun 2013,NA,NA,NA,NA
"87","PRESTACIONS ECONÒMIQUES VINCULADES AL SERVEI (ACOLLIMENT RESIDENCIAL)","06",185,13,143880.32,12179.2,1489,14,1393409.4,7023.87,3085,62,2187161.67,33795.32,138,13,67880.88,0,1517,57,789530.95,9228.93,1712,82,786841.9,9038.91,0,0,0,0,NA,NA,NA,NA,jun 2013,NA,NA,NA,NA
"88","PRESTACIONS ECONÒMIQUES VINCULADES AL SERVEI (SUPORT DOMICILIARI INFERIOR)","06",0,0,0,0,0,0,0,0,3,0,1249.43,0,0,0,0,0,3,0,762.6,0,7,0,1648.92,0,10,0,1701,0,NA,NA,NA,NA,jun 2013,NA,NA,NA,NA
"89","PRESTACIONS ECONÒMIQUES VINCULADES AL SERVEI (SUPORT DOMICILIARI SUPERIOR)","06",0,0,0,0,57,0,36319.23,0,65,0,29962.13,0,2,0,613.62,0,32,0,11027.84,0,30,0,9403.15,0,27,0,6180,0,NA,NA,NA,NA,jun 2013,NA,NA,NA,NA
"90","ASSISTENT PERSONAL","06",0,0,0,0,20,0,18560.06,0,23,0,15146.96,0,NA,NA,NA,NA,0,0,0,0,0,0,0,0,0,0,0,0,NA,NA,NA,NA,jun 2013,NA,NA,NA,NA
"91","PRESTACIONS ECONÒMIQUES VINCULADES AL SERVEI (CENTRE DE DIA)","07",3,0,1144.04,0,12,0,5705.98,0,30,3,10799.8,0,3,0,767.01,0,14,1,3813,0,19,2,4429.93,0,11,1,1953,0,NA,NA,NA,NA,jul 2013,NA,NA,NA,NA
"92","PRESTACIONS ECONÒMIQUES VINCULADES AL SERVEI (ACOLLIMENT RESIDENCIAL)","07",199,16,157119.58,0,1443,13,1361042.85,16239.66,2992,52,2145510.95,14376.79,144,9,70724.53,360,1507,44,787674.36,8171.31,1704,55,785190.95,5902.59,0,0,0,0,NA,NA,NA,NA,jul 2013,NA,NA,NA,NA
"93","PRESTACIONS ECONÒMIQUES VINCULADES AL SERVEI (SUPORT DOMICILIARI INFERIOR)","07",0,0,0,0,0,0,0,0,3,0,1249.43,0,0,0,0,0,3,0,762.6,0,7,0,1648.92,0,9,0,1521,0,NA,NA,NA,NA,jul 2013,NA,NA,NA,NA
"94","PRESTACIONS ECONÒMIQUES VINCULADES AL SERVEI (SUPORT DOMICILIARI SUPERIOR)","07",1,0,572.06,0,56,0,35785.49,0,63,0,29186.55,0,2,0,613.62,0,31,0,10658.1,0,31,1,9724.11,0,26,0,5940,0,NA,NA,NA,NA,jul 2013,NA,NA,NA,NA
"95","ASSISTENT PERSONAL","07",0,0,0,0,20,0,18560.06,0,23,0,15146.96,0,NA,NA,NA,NA,0,0,0,0,0,0,0,0,0,0,0,0,NA,NA,NA,NA,jul 2013,NA,NA,NA,NA
"96","PRESTACIONS ECONÒMIQUES VINCULADES AL SERVEI (CENTRE DE DIA)","08",4,1,1529.04,0,11,0,5230.62,0,30,0,10799.8,0,3,0,767.01,0,13,0,3535.69,0,19,0,4429.93,0,11,0,1953,0,NA,NA,NA,NA,ago 2013,NA,NA,NA,NA
"97","PRESTACIONS ECONÒMIQUES VINCULADES AL SERVEI (ACOLLIMENT RESIDENCIAL)","08",203,6,161888.79,116.48,1413,5,1346751.26,5577.48,2966,33,2140550.76,28.24,143,5,72143.53,0,1504,24,794525.51,11996.57,1693,31,790360.08,401.2,0,0,0,0,NA,NA,NA,NA,ago 2013,NA,NA,NA,NA
"98","PRESTACIONS ECONÒMIQUES VINCULADES AL SERVEI (SUPORT DOMICILIARI INFERIOR)","08",0,0,0,0,0,0,0,0,3,0,1249.43,0,0,0,0,0,3,0,762.6,0,7,0,1648.92,0,9,0,1521,0,NA,NA,NA,NA,ago 2013,NA,NA,NA,NA
"99","PRESTACIONS ECONÒMIQUES VINCULADES AL SERVEI (SUPORT DOMICILIARI SUPERIOR)","08",1,0,572.06,0,56,0,35785.49,0,62,0,29069.79,0,2,0,613.62,0,31,0,10658.1,0,31,0,9724.11,0,26,0,5940,0,NA,NA,NA,NA,ago 2013,NA,NA,NA,NA
"100","ASSISTENT PERSONAL","08",0,0,0,0,20,0,18560.06,0,23,0,15146.96,0,NA,NA,NA,NA,0,0,0,0,0,0,0,0,0,0,0,0,NA,NA,NA,NA,ago 2013,NA,NA,NA,NA
"101","PRESTACIONS ECONÒMIQUES VINCULADES AL SERVEI (CENTRE DE DIA)","09",4,0,1144.04,0,9,0,4355.39,0,27,0,9692.72,0,2,0,511.34,0,13,0,3535.69,0,20,2,4429.93,0,9,0,1611,0,NA,NA,NA,NA,sep 2013,NA,NA,NA,NA
"102","PRESTACIONS ECONÒMIQUES VINCULADES AL SERVEI (ACOLLIMENT RESIDENCIAL)","09",242,39,194042.62,0,1367,21,1292418.67,19950.46,2881,88,2057509.98,15755.97,170,25,84800.71,0,1485,58,779959.28,2705,1720,88,795968.79,5880.82,0,0,0,0,NA,NA,NA,NA,sep 2013,NA,NA,NA,NA
"103","PRESTACIONS ECONÒMIQUES VINCULADES AL SERVEI (SUPORT DOMICILIARI INFERIOR)","09",0,0,0,0,0,0,0,0,3,0,1249.43,0,0,0,0,0,3,0,762.6,0,6,0,1420.24,0,8,0,1341,0,NA,NA,NA,NA,sep 2013,NA,NA,NA,NA
"104","PRESTACIONS ECONÒMIQUES VINCULADES AL SERVEI (SUPORT DOMICILIARI SUPERIOR)","09",1,0,572.06,0,55,0,35118.32,0,59,1,27693.73,0,3,0,954.52,0,31,0,10658.1,0,31,0,9724.11,0,26,0,5940,0,NA,NA,NA,NA,sep 2013,NA,NA,NA,NA
"105","ASSISTENT PERSONAL","09",0,0,0,0,20,0,18560.06,0,21,0,13493.06,0,NA,NA,NA,NA,0,0,0,0,0,0,0,0,0,0,0,0,NA,NA,NA,NA,sep 2013,NA,NA,NA,NA
"106","PRESTACIONS ECONÒMIQUES VINCULADES AL SERVEI (CENTRE DE DIA)","10",3,0,1144.04,0,9,0,4355.39,0,27,0,9692.72,0,2,0,511.34,0,12,0,3258.38,0,18,0,4201.25,0,9,0,1611,0,NA,NA,NA,NA,oct 2013,NA,NA,NA,NA
"107","PRESTACIONS ECONÒMIQUES VINCULADES AL SERVEI (ACOLLIMENT RESIDENCIAL)","10",245,6,196786.09,2602.85,1317,1,1239280.86,2021.4,2783,8,1984798.2,6351.54,168,5,83137.41,3460.1,1425,7,746691.94,5227.8,1689,13,776722.41,3226.28,0,0,0,0,NA,NA,NA,NA,oct 2013,NA,NA,NA,NA
"108","PRESTACIONS ECONÒMIQUES VINCULADES AL SERVEI (SUPORT DOMICILIARI INFERIOR)","10",0,0,0,0,0,0,0,0,3,0,1249.43,0,0,0,0,0,3,0,762.6,0,6,0,1420.24,0,8,0,1341,0,NA,NA,NA,NA,oct 2013,NA,NA,NA,NA
"109","PRESTACIONS ECONÒMIQUES VINCULADES AL SERVEI (SUPORT DOMICILIARI SUPERIOR)","10",1,0,572.06,0,53,0,33817.34,0,57,0,26559.57,0,3,0,954.52,0,30,0,10288.36,0,32,0,9793.65,0,27,0,6180,0,NA,NA,NA,NA,oct 2013,NA,NA,NA,NA
"110","ASSISTENT PERSONAL","10",0,0,0,0,20,0,18560.06,0,21,0,13493.06,0,NA,NA,NA,NA,0,0,0,0,0,0,0,0,0,0,0,0,NA,NA,NA,NA,oct 2013,NA,NA,NA,NA
"111","PRESTACIONS ECONÒMIQUES VINCULADES AL SERVEI (CENTRE DE DIA)","11",5,2,1959.22,0,8,0,3855.01,0,30,4,10635.86,0,5,3,1219.77,0,11,2,2994.94,0,20,3,4682.69,0,8,0,1431,0,NA,NA,NA,NA,nov 2013,NA,NA,NA,NA
"112","PRESTACIONS ECONÒMIQUES VINCULADES AL SERVEI (ACOLLIMENT RESIDENCIAL)","11",275,30,216601.61,5346.88,1279,17,1198906.08,11655.79,2713,49,1929099.27,6529.07,186,23,90933.06,1292.11,1399,29,733194.72,34.26,1672,62,770354.34,4521.5,0,0,0,0,NA,NA,NA,NA,nov 2013,NA,NA,NA,NA
"113","PRESTACIONS ECONÒMIQUES VINCULADES AL SERVEI (SUPORT DOMICILIARI INFERIOR)","11",0,0,0,0,0,0,0,0,3,0,1249.43,0,1,1,255.67,0,4,1,984.45,0,5,0,1179.52,0,8,0,1341,0,NA,NA,NA,NA,nov 2013,NA,NA,NA,NA
"114","PRESTACIONS ECONÒMIQUES VINCULADES AL SERVEI (SUPORT DOMICILIARI SUPERIOR)","11",1,0,572.06,0,52,0,33150.17,0,57,2,27022.61,0,2,0,613.62,0,30,1,10242.47,0,35,2,10927.71,0,26,1,5940,0,NA,NA,NA,NA,nov 2013,NA,NA,NA,NA
"115","ASSISTENT PERSONAL","11",0,0,0,0,20,0,18560.06,0,22,1,14320.01,0,NA,NA,NA,NA,0,0,0,0,0,0,0,0,0,0,0,0,NA,NA,NA,NA,nov 2013,NA,NA,NA,NA
"116","PRESTACIONS ECONÒMIQUES VINCULADES AL SERVEI (CENTRE DE DIA)","12",13,8,5370.09,0,9,1,4355.39,0,31,3,10743.38,1501.13,30,25,7445.12,0,14,5,3813.01,0,20,3,4634.04,0,13,5,2268,0,NA,NA,NA,NA,dic 2013,NA,NA,NA,NA
"117","PRESTACIONS ECONÒMIQUES VINCULADES AL SERVEI (ACOLLIMENT RESIDENCIAL)","12",667,356,530667,6537.78,1279,32,1176933.45,82011.99,2787,172,1962584.7,56968.65,641,437,308360.07,0,1466,110,761913.32,7454.71,1780,168,812479.29,9175.86,1,0,426.12,0,NA,NA,NA,NA,dic 2013,NA,NA,NA,NA
"118","PRESTACIONS ECONÒMIQUES VINCULADES AL SERVEI (SUPORT DOMICILIARI INFERIOR)","12",0,0,0,0,0,0,0,0,3,0,1249.43,0,1,0,255.67,0,4,0,984.45,0,5,0,1179.52,0,7,0,1197,0,NA,NA,NA,NA,dic 2013,NA,NA,NA,NA
"119","PRESTACIONS ECONÒMIQUES VINCULADES AL SERVEI (SUPORT DOMICILIARI SUPERIOR)","12",2,0,1144.12,0,50,0,31815.83,0,56,0,26900.23,0,3,1,886.34,0,30,0,10316.42,0,34,0,10686.99,0,24,1,5556,0,NA,NA,NA,NA,dic 2013,NA,NA,NA,NA
"120","ASSISTENT PERSONAL","12",1,0,935.39,0,20,0,18560.06,0,20,0,13131.83,0,NA,NA,NA,NA,0,0,0,0,0,0,0,0,0,0,0,0,NA,NA,NA,NA,dic 2013,NA,NA,NA,NA
"121","PRESTACIONS ECONÒMIQUES VINCULADES AL SERVEI (CENTRE DE DIA)","01",15,3,6206.72,0,8,1,4003.01,0,35,6,12601.02,0,28,2,6844.3,0,13,1,3535.7,0,25,5,5729.31,0,12,0,2097,0,NA,NA,NA,NA,ene 2014,NA,NA,NA,NA
"122","PRESTACIONS ECONÒMIQUES VINCULADES AL SERVEI (ACOLLIMENT RESIDENCIAL)","01",739,90,585544.66,4647.95,1230,21,1146895.78,3252.45,2717,55,1908882.45,57855.89,766,138,360076.54,2727.16,1460,69,757227.53,2341.65,1772,88,806138.24,6278.89,0,0,0,0,NA,NA,NA,NA,ene 2014,NA,NA,NA,NA
"123","PRESTACIONS ECONÒMIQUES VINCULADES AL SERVEI (SUPORT DOMICILIARI INFERIOR)","01",0,0,0,0,0,0,0,0,3,0,1249.43,0,1,0,255.67,0,5,1,1261.76,0,6,1,1420.24,0,7,0,1197,0,NA,NA,NA,NA,ene 2014,NA,NA,NA,NA
"124","PRESTACIONS ECONÒMIQUES VINCULADES AL SERVEI (SUPORT DOMICILIARI SUPERIOR)","01",2,0,1144.12,0,47,0,29880.82,0,56,0,26900.23,0,4,0,965.88,0,30,1,10371.88,0,35,2,11007.95,0,24,0,5556,0,NA,NA,NA,NA,ene 2014,NA,NA,NA,NA
"125","ASSISTENT PERSONAL","01",1,0,935.39,0,20,0,18560.06,0,20,0,13131.83,0,NA,NA,NA,NA,0,0,0,0,0,0,0,NA,0,0,0,0,NA,NA,NA,NA,ene 2014,NA,NA,NA,NA
"126","PRESTACIONS ECONÒMIQUES VINCULADES AL SERVEI (CENTRE DE DIA)","02",16,2,6635.76,0,9,0,4003.01,500.37,27,0,9703.44,0,40,13,9712.58,0,14,3,3679.33,0,25,2,5729.31,0,12,1,2097,0,NA,NA,NA,NA,feb 2014,NA,NA,NA,NA
"127","PRESTACIONS ECONÒMIQUES VINCULADES AL SERVEI (ACOLLIMENT RESIDENCIAL)","02",871,157,681630.87,14938.04,1166,6,1082302.87,32006.7,2589,24,1823267.49,53246.45,933,226,444427.73,9837.04,1399,20,723301.3,12951.11,1709,34,782511.16,9739.25,0,0,0,0,NA,NA,NA,NA,feb 2014,NA,NA,NA,NA
"128","PRESTACIONS ECONÒMIQUES VINCULADES AL SERVEI (SUPORT DOMICILIARI INFERIOR)","02",0,0,0,0,0,0,0,0,3,0,1249.43,0,1,0,255.67,0,5,0,1178.56,0,6,0,1420.24,0,6,0,1017,0,NA,NA,NA,NA,feb 2014,NA,NA,NA,NA
"129","PRESTACIONS ECONÒMIQUES VINCULADES AL SERVEI (SUPORT DOMICILIARI SUPERIOR)","02",3,1,1716.18,0,44,0,28012.75,0,56,0,26404.79,0,4,1,1124.97,0,30,0,10371.88,0,32,0,10045.07,0,24,0,5556,0,NA,NA,NA,NA,feb 2014,NA,NA,NA,NA
"130","ASSISTENT PERSONAL","02",1,0,935.39,0,20,0,18560.06,0,20,0,13131.83,0,NA,NA,NA,NA,0,0,0,0,0,0,0,0,0,0,0,0,NA,NA,NA,NA,feb 2014,NA,NA,NA,NA
"131","PRESTACIONS ECONÒMIQUES VINCULADES AL SERVEI (CENTRE DE DIA)","03",27,11,10904.03,0,9,0,4478.37,0,26,2,9032.13,0,74,34,18152.86,0,14,1,3679.33,0,21,1,4805.46,0,10,1,1728,0,NA,NA,NA,NA,mar 2014,NA,NA,NA,NA
"132","PRESTACIONS ECONÒMIQUES VINCULADES AL SERVEI (ACOLLIMENT RESIDENCIAL)","03",1267,145,1004900.05,52855.58,1142,14,1059520.04,67073.73,2468,39,1740822.11,78585,1137,209,541577.6,13460.02,1267,35,652307.16,18162.13,1532,50,697571.04,18058.57,0,0,0,0,NA,NA,NA,NA,mar 2014,NA,NA,NA,NA
"133","PRESTACIONS ECONÒMIQUES VINCULADES AL SERVEI (SUPORT DOMICILIARI INFERIOR)","03",0,0,0,0,0,0,0,0,3,0,1249.43,0,1,0,255.67,0,5,0,1261.76,0,6,0,1420.24,0,6,0,1017,0,NA,NA,NA,NA,mar 2014,NA,NA,NA,NA
"134","PRESTACIONS ECONÒMIQUES VINCULADES AL SERVEI (SUPORT DOMICILIARI SUPERIOR)","03",3,0,1716.18,0,43,0,27345.58,0,53,0,25605.85,0,4,0,1124.97,0,32,2,11111.36,0,33,1,10349.98,0,26,1,6024,0,NA,NA,NA,NA,mar 2014,NA,NA,NA,NA
"135","ASSISTENT PERSONAL","03",1,0,935.39,0,20,0,18560.06,0,20,0,13131.83,0,NA,NA,NA,NA,0,0,0,0,0,0,0,0,0,0,0,0,NA,NA,NA,NA,mar 2014,NA,NA,NA,NA
"136","PRESTACIONS ECONÒMIQUES VINCULADES AL SERVEI (CENTRE DE DIA)","04",30,5,12169.7,0,10,0,4478.37,406.77,29,5,8655.18,8572.37,72,4,17746.59,0,16,1,3402.02,938.38,24,2,4309.07,10127.79,15,2,1899,5872.3,NA,NA,NA,NA,abr 2014,NA,NA,NA,NA
"137","PRESTACIONS ECONÒMIQUES VINCULADES AL SERVEI (ACOLLIMENT RESIDENCIAL)","04",1222,2,966416.77,59636.76,1131,6,1020899.44,412171.64,2476,25,1678577.92,701968.06,1093,1,518595.84,40074.56,1246,19,624931.8,213730.81,1491,17,666664.62,254002.57,0,0,0,0,NA,NA,NA,NA,abr 2014,NA,NA,NA,NA
"138","PRESTACIONS ECONÒMIQUES VINCULADES AL SERVEI (SUPORT DOMICILIARI INFERIOR)","04",7,7,2466.98,0,0,0,0,0,3,0,1249.43,0,11,10,2748.46,0,5,0,1261.76,0,9,3,2144.57,0,6,0,1017,0,NA,NA,NA,NA,abr 2014,NA,NA,NA,NA
"139","PRESTACIONS ECONÒMIQUES VINCULADES AL SERVEI (SUPORT DOMICILIARI SUPERIOR)","04",25,20,12941.73,0,43,1,27078.85,0,55,2,26606.61,0,40,36,12142.42,0,36,7,12442.46,0,40,9,12588.34,0,35,9,8088,0,NA,NA,NA,NA,abr 2014,NA,NA,NA,NA
"140","ASSISTENT PERSONAL","04",1,0,935.39,0,20,0,18560.06,0,21,0,13127.26,0,NA,NA,NA,NA,0,0,0,0,0,0,0,0,0,0,0,0,NA,NA,NA,NA,abr 2014,NA,NA,NA,NA
"141","PRESTACIONS ECONÒMIQUES VINCULADES AL SERVEI (CENTRE DE DIA)","05",35,6,13950.22,0,10,1,4478.37,1893.91,32,6,9030.46,11544.3,85,12,19899.08,511.34,19,4,3402.02,4471.36,27,5,4321.11,8382,21,5,1386,19005.34,NA,NA,NA,NA,may 2014,NA,NA,NA,NA
"142","PRESTACIONS ECONÒMIQUES VINCULADES AL SERVEI (ACOLLIMENT RESIDENCIAL)","05",1173,2,932804.62,50179.27,1071,11,973985.86,429765.47,2378,32,1607416.8,1028069.17,1054,2,500379.14,27891.89,1231,22,605199.93,462324.45,1489,24,640345.23,562041.49,0,0,0,0,NA,NA,NA,NA,may 2014,NA,NA,NA,NA
"143","PRESTACIONS ECONÒMIQUES VINCULADES AL SERVEI (SUPORT DOMICILIARI INFERIOR)","05",5,0,1909.23,0,0,0,0,0,3,0,1249.43,0,11,0,2748.46,0,5,0,1261.76,0,10,1,2385.29,0,6,0,1017,0,NA,NA,NA,NA,may 2014,NA,NA,NA,NA
"144","PRESTACIONS ECONÒMIQUES VINCULADES AL SERVEI (SUPORT DOMICILIARI SUPERIOR)","05",25,2,12331.52,0,44,1,27746.02,0,54,0,26106.23,0,49,11,15125.29,0,34,0,11702.98,0,40,0,12588.34,0,34,0,7648,9055.3,NA,NA,NA,NA,may 2014,NA,NA,NA,NA
"145","ASSISTENT PERSONAL","05",1,0,935.39,0,20,0,18531.8,0,20,0,12709.56,0,NA,NA,NA,NA,0,0,0,0,0,0,0,0,0,0,0,0,NA,NA,NA,NA,may 2014,NA,NA,NA,NA
"146","PRESTACIONS ECONÒMIQUES VINCULADES AL SERVEI (CENTRE DE DIA)","06",39,5,15226.96,2706.1,10,0,4478.37,1095.27,26,1,8279.9,2372.47,94,14,22769.19,0,15,1,3169.44,2021.68,25,4,4850.69,6153.36,11,2,1643.22,757.24,NA,NA,NA,NA,jun 2014,NA,NA,NA,NA
"147","PRESTACIONS ECONÒMIQUES VINCULADES AL SERVEI (ACOLLIMENT RESIDENCIAL)","06",1124,2,897130.24,7043.44,1046,6,950953.02,250929.71,2263,22,1550817.8,447359.07,1021,0,486476.95,12729.97,1170,11,590816.51,188722.75,1402,9,621413.96,205327.13,0,0,0,0,NA,NA,NA,NA,jun 2014,NA,NA,NA,NA
"148","PRESTACIONS ECONÒMIQUES VINCULADES AL SERVEI (SUPORT DOMICILIARI INFERIOR)","06",6,2,2316.82,0,0,0,0,0,3,0,1249.43,0,12,1,2953,0,5,0,1261.76,0,10,0,2385.29,0,6,0,1017,0,NA,NA,NA,NA,jun 2014,NA,NA,NA,NA
"149","PRESTACIONS ECONÒMIQUES VINCULADES AL SERVEI (SUPORT DOMICILIARI SUPERIOR)","06",26,3,13199.14,0,43,0,26061.42,0,52,0,25105.47,0,52,4,15858.22,0,34,0,11702.98,0,37,0,11653.76,0,33,0,7608,0,NA,NA,NA,NA,jun 2014,NA,NA,NA,NA
"150","ASSISTENT PERSONAL","06",1,0,935.39,0,20,0,17817.98,0,20,0,12709.56,0,NA,NA,NA,NA,0,0,0,0,0,0,0,0,0,0,0,0,NA,NA,NA,NA,jun 2014,NA,NA,NA,NA
"151","PRESTACIONS ECONÒMIQUES VINCULADES AL SERVEI (CENTRE DE DIA)","07",34,2,13950.22,0,10,0,4478.37,1489.1,27,3,7979.67,4402.18,91,10,21838.14,915.42,11,1,2426.46,3172.6,19,1,4128.53,501.11,11,2,1566,1114.97,NA,NA,NA,NA,jul 2014,NA,NA,NA,NA
"152","PRESTACIONS ECONÒMIQUES VINCULADES AL SERVEI (ACOLLIMENT RESIDENCIAL)","07",1082,2,864130.75,25575.28,1005,16,897198.22,247544.99,2202,26,1490348.23,557846.67,981,1,465602.07,26175.15,1119,6,559731.76,237764.55,1361,24,595789.53,249702.48,0,0,0,0,NA,NA,NA,NA,jul 2014,NA,NA,NA,NA
"153","PRESTACIONS ECONÒMIQUES VINCULADES AL SERVEI (SUPORT DOMICILIARI INFERIOR)","07",7,2,2745.86,0,0,0,0,0,5,2,1999.99,0,13,1,3208.67,0,5,0,1261.76,0,10,0,2385.29,0,6,0,1017,0,NA,NA,NA,NA,jul 2014,NA,NA,NA,NA
"154","PRESTACIONS ECONÒMIQUES VINCULADES AL SERVEI (SUPORT DOMICILIARI SUPERIOR)","07",25,2,12655.69,0,41,0,25777.87,0,53,1,25580.83,0,57,8,17055.88,0,34,0,11702.98,0,38,1,11974.72,0,32,0,7368,0,NA,NA,NA,NA,jul 2014,NA,NA,NA,NA
"155","ASSISTENT PERSONAL","07",2,0,1435.94,0,18,0,17616.5,500.38,21,0,13099.76,2731.4,NA,NA,NA,NA,0,0,0,0,0,0,0,0,0,0,0,0,NA,NA,NA,NA,jul 2014,NA,NA,NA,NA
"156","PRESTACIONS ECONÒMIQUES VINCULADES AL SERVEI (CENTRE DE DIA)","08",36,2,14808.3,0,11,0,4478.37,4570.17,23,1,7979.67,2656.65,92,5,22860.82,0,10,0,2426.46,1912.06,22,3,4609.97,1843.82,14,4,1566,6775.07,NA,NA,NA,NA,ago 2014,NA,NA,NA,NA
"157","PRESTACIONS ECONÒMIQUES VINCULADES AL SERVEI (ACOLLIMENT RESIDENCIAL)","08",1069,0,860328.76,5465.78,973,11,888404.12,159926.41,2157,41,1475452.04,555583.85,966,0,464708.64,7205.05,1110,14,554488.19,239488.76,1300,11,579409.27,169149.32,0,0,0,0,NA,NA,NA,NA,ago 2014,NA,NA,NA,NA
"158","PRESTACIONS ECONÒMIQUES VINCULADES AL SERVEI (SUPORT DOMICILIARI INFERIOR)","08",7,0,2745.86,0,0,0,0,0,5,0,1999.99,0,13,0,3208.67,0,5,0,1261.76,0,10,0,2385.29,0,6,0,1017,0,NA,NA,NA,NA,ago 2014,NA,NA,NA,NA
"159","PRESTACIONS ECONÒMIQUES VINCULADES AL SERVEI (SUPORT DOMICILIARI SUPERIOR)","08",26,1,13227.75,0,40,0,25110.7,0,53,0,25580.83,0,58,0,17396.78,0,34,0,11702.98,0,38,0,11974.72,0,31,0,7128,0,NA,NA,NA,NA,ago 2014,NA,NA,NA,NA
"160","ASSISTENT PERSONAL","08",2,0,1435.94,0,18,0,17616.5,0,21,0,13099.76,0,NA,NA,NA,NA,0,0,0,0,0,0,0,0,0,0,0,0,NA,NA,NA,NA,ago 2014,NA,NA,NA,NA
"161","PRESTACIONS ECONÒMIQUES VINCULADES AL SERVEI (CENTRE DE DIA)","09",35,8,13838.16,0,9,0,4478.37,2901.2,29,4,7599.83,5940.33,90,13,21940.4,971.56,14,4,2967.21,3687.1,25,6,4850.69,9308.08,13,2,1566,8870.57,NA,NA,NA,NA,sep 2014,NA,NA,NA,NA
"162","PRESTACIONS ECONÒMIQUES VINCULADES AL SERVEI (ACOLLIMENT RESIDENCIAL)","09",1028,2,808235.2,30535.19,931,10,827689.31,273429.88,2080,31,1383161.56,683587.46,914,1,431625.78,34090.44,1082,15,522839.93,293736.22,1288,17,547904.12,324773.97,0,0,0,0,NA,NA,NA,NA,sep 2014,NA,NA,NA,NA
"163","PRESTACIONS ECONÒMIQUES VINCULADES AL SERVEI (SUPORT DOMICILIARI INFERIOR)","09",8,1,3174.9,0,1,1,500.38,0,6,1,1999.99,490.45,17,4,4218.57,0,5,0,1261.76,0,9,0,2144.57,0,6,0,1017,0,NA,NA,NA,NA,sep 2014,NA,NA,NA,NA
"164","PRESTACIONS ECONÒMIQUES VINCULADES AL SERVEI (SUPORT DOMICILIARI SUPERIOR)","09",31,3,16002.22,1086.9,40,0,25110.7,0,51,1,24605.1,0,66,11,19851.24,0,34,2,11702.98,0,36,0,11332.8,0,31,1,7128,0,NA,NA,NA,NA,sep 2014,NA,NA,NA,NA
"165","ASSISTENT PERSONAL","09",2,0,1435.94,0,17,0,16495.6,1621.28,21,0,13099.76,0,NA,NA,NA,NA,0,0,0,0,0,0,0,0,0,0,0,0,NA,NA,NA,NA,sep 2014,NA,NA,NA,NA
"166","PRESTACIONS ECONÒMIQUES VINCULADES AL SERVEI (CENTRE DE DIA)","10",33,2,13623.63,0,8,0,3977.99,0,36,8,8725.67,22103.24,87,3,21480.82,1431.78,15,0,2689.9,6493.14,30,3,5422.4,5905.22,14,1,1566,8239.36,NA,NA,NA,NA,oct 2014,NA,NA,NA,NA
"167","PRESTACIONS ECONÒMIQUES VINCULADES AL SERVEI (ACOLLIMENT RESIDENCIAL)","10",985,2,772665.57,49905.07,930,16,799277.92,400426.67,2023,30,1334906.46,736197.06,881,0,415750.29,3588.05,1050,19,505254.47,361407.99,1241,23,527392.27,316777.53,0,0,0,0,NA,NA,NA,NA,oct 2014,NA,NA,NA,NA
"168","PRESTACIONS ECONÒMIQUES VINCULADES AL SERVEI (SUPORT DOMICILIARI INFERIOR)","10",8,1,3174.9,0,1,1,500.38,0,5,0,1999.99,0,16,3,3962.9,0,5,0,1261.76,0,9,0,2144.57,0,6,0,1017,0,NA,NA,NA,NA,oct 2014,NA,NA,NA,NA
"169","PRESTACIONS ECONÒMIQUES VINCULADES AL SERVEI (SUPORT DOMICILIARI SUPERIOR)","10",31,3,16002.22,0,40,0,25110.7,0,51,1,24605.11,0,68,11,20618.26,0,35,3,11702.98,0,37,0,11653.76,0,31,1,7128,0,NA,NA,NA,NA,oct 2014,NA,NA,NA,NA
"170","ASSISTENT PERSONAL","10",2,0,1435.94,0,17,0,16495.6,0,21,0,13099.76,0,NA,NA,NA,NA,0,0,0,0,0,0,0,0,0,0,0,0,NA,NA,NA,NA,oct 2014,NA,NA,NA,NA
"171","PRESTACIONS ECONÒMIQUES VINCULADES AL SERVEI (CENTRE DE DIA)","11",37,4,15330.55,0,11,0,3502.63,1069.31,28,0,7028.48,12287.5,93,10,22206.13,1531.35,14,2,2967.21,2771.6,38,6,5099.98,23832.96,9,0,1566,0,NA,NA,NA,NA,nov 2014,NA,NA,NA,NA
"172","PRESTACIONS ECONÒMIQUES VINCULADES AL SERVEI (ACOLLIMENT RESIDENCIAL)","11",963,0,745290.5,64989.75,981,12,775970.73,873146.45,2223,60,1289353.87,1650444.68,847,0,396831.2,34009.54,1167,28,485347.87,769011.63,1374,27,509641.08,677891.03,0,0,0,0,NA,NA,NA,NA,nov 2014,NA,NA,NA,NA
"173","PRESTACIONS ECONÒMIQUES VINCULADES AL SERVEI (SUPORT DOMICILIARI INFERIOR)","11",8,0,3174.9,0,1,0,500.38,0,5,0,1999.99,0,14,0,3451.56,0,6,0,1017,4726.98,10,0,2385.29,0,6,0,1261.76,0,NA,NA,NA,NA,nov 2014,NA,NA,NA,NA
"174","PRESTACIONS ECONÒMIQUES VINCULADES AL SERVEI (SUPORT DOMICILIARI SUPERIOR)","11",32,1,16574.28,0,39,0,24476.88,142.04,51,0,24605.11,0,68,3,20788.71,0,35,0,12072.72,4436.88,40,2,11893.76,4107.48,30,0,6888,0,NA,NA,NA,NA,nov 2014,NA,NA,NA,NA
"175","ASSISTENT PERSONAL","11",2,0,1435.94,0,17,0,16495.6,0,21,0,13099.76,0,NA,NA,NA,NA,0,0,0,0,0,0,0,0,0,0,0,0,NA,NA,NA,NA,nov 2014,NA,NA,NA,NA
"176","PRESTACIONS ECONÒMIQUES VINCULADES AL SERVEI (CENTRE DE DIA)","12",40,3,15417.04,5475.65,7,0,3002.25,166.54,24,0,6549.55,14370.54,93,5,22135.82,2497.65,12,1,2149.15,8786.19,32,0,5091.41,16762.33,12,0,1566,5611.93,NA,NA,NA,NA,dic 2014,NA,NA,NA,NA
"177","PRESTACIONS ECONÒMIQUES VINCULADES AL SERVEI (ACOLLIMENT RESIDENCIAL)","12",1094,0,719888.84,807919.65,885,4,744174.1,471873.84,1970,12,1238759.07,943831.5,920,0,381875.06,338132.4,1046,1,462652.14,486890.16,1286,4,489026.14,656700,0,0,0,0,NA,NA,NA,NA,dic 2014,NA,NA,NA,NA
"178","PRESTACIONS ECONÒMIQUES VINCULADES AL SERVEI (SUPORT DOMICILIARI INFERIOR)","12",7,0,2745.86,0,1,0,500.38,0,5,0,1999.99,0,14,0,3451.56,0,4,0,1039.91,0,10,0,2385.29,0,6,0,1017,1260,NA,NA,NA,NA,dic 2014,NA,NA,NA,NA
"179","PRESTACIONS ECONÒMIQUES VINCULADES AL SERVEI (SUPORT DOMICILIARI SUPERIOR)","12",32,0,16574.28,0,35,0,21841.56,0,49,0,23604.35,0,68,1,20925.07,0,35,1,11702.98,6522.3,37,0,11653.76,0,33,2,7128,3176.15,NA,NA,NA,NA,dic 2014,NA,NA,NA,NA
"180","ASSISTENT PERSONAL","12",3,1,2151.01,0,17,0,16412.37,0,21,0,13099.76,0,NA,NA,NA,NA,0,0,0,0,0,0,0,0,0,0,0,0,NA,NA,NA,NA,dic 2014,NA,NA,NA,NA
"181","PRESTACIONS ECONÒMIQUES VINCULADES AL SERVEI (CENTRE DE DIA)","01",37,2,14204.93,445.1,12,0,7294.79,759.6,28,2,8096.43,26675.76,104,16,24197.99,5809.04,17,0,1927.3,22889.29,34,1,5139.55,22979.39,15,0,1428.86,10831.28,NA,NA,NA,NA,ene 2015,NA,NA,NA,NA
"182","PRESTACIONS ECONÒMIQUES VINCULADES AL SERVEI (ACOLLIMENT RESIDENCIAL)","01",925,22,696973.870000004,241011.81,807,3,700088.780000001,337140.64,1793,8,1168702.87999999,660322.46,809,0,364130.169999999,184974.76,909,3,432460.61,312720.63,1123,11,461241.21,463425.02,0,0,0,0,NA,NA,NA,NA,ene 2015,NA,NA,NA,NA
"183","PRESTACIONS ECONÒMIQUES VINCULADES AL SERVEI (SUPORT DOMICILIARI INFERIOR)","01",7,0,2745.86,0,1,0,500.38,0,5,0,1999.99,0,14,0,3451.56,0,4,0,1039.91,0,10,0,2385.29,0,6,0,1017,0,NA,NA,NA,NA,ene 2015,NA,NA,NA,NA
"184","PRESTACIONS ECONÒMIQUES VINCULADES AL SERVEI (SUPORT DOMICILIARI SUPERIOR)","01",34,0,17718.4,0,36,0,20618.42,11065.06,49,0,23170.69,0,65,1,19520.97,621.68,33,0,11333.24,0,36,0,11332.8,0,28,0,6420,6475.2,1,0,240,0,ene 2015,NA,NA,NA,NA
"185","ASSISTENT PERSONAL","01",3,0,2151.01,0,17,0,16412.37,0,21,0,13099.76,0,0,0,0,0,0,0,0,0,0,0,0,0,0,0,0,0,NA,NA,NA,NA,ene 2015,NA,NA,NA,NA
"186","PRESTACIONS ECONÒMIQUES VINCULADES AL SERVEI (CENTRE DE DIA)","02",33,2,13779.98,0,10,1,6435.81,0,19,1,7880.64,0,102,16,24213.57,830.93,8,0,1951.3,0,19,1,4417.39,0,9,0,1386,2832,NA,NA,NA,NA,feb 2015,NA,NA,NA,NA
"187","PRESTACIONS ECONÒMIQUES VINCULADES AL SERVEI (ACOLLIMENT RESIDENCIAL)","02",912,76,705880.559999996,2967.54,711,0,651197.260000004,6544.58,1572,9,1096655.22999998,8149.8,730,0,341287.94,9295.8,785,0,399681.45,1625.21,958,0,429270.430000003,12090.65,0,0,0,0,NA,NA,NA,NA,feb 2015,NA,NA,NA,NA
"188","PRESTACIONS ECONÒMIQUES VINCULADES AL SERVEI (SUPORT DOMICILIARI INFERIOR)","02",9,3,3603.94,0,1,0,500.38,0,5,0,1999.99,0,24,11,5866.07,0,3,0,818.06,0,10,0,2385.29,0,6,0,1017,0,NA,NA,NA,NA,feb 2015,NA,NA,NA,NA
"189","PRESTACIONS ECONÒMIQUES VINCULADES AL SERVEI (SUPORT DOMICILIARI SUPERIOR)","02",35,3,18347.66,0,30,1,17756.35,0,47,0,22603.59,0,77,16,23952.64,1897.95,30,0,10316.44,0,34,0,10690.88,0,27,0,6192,0,1,0,240,0,feb 2015,NA,NA,NA,NA
"190","ASSISTENT PERSONAL","02",3,0,2151.01,0,17,0,16412.37,0,21,0,13099.76,0,0,0,0,0,0,0,0,0,0,0,0,0,0,0,0,0,NA,NA,NA,NA,feb 2015,NA,NA,NA,NA
"191","PRESTACIONS ECONÒMIQUES VINCULADES AL SERVEI (CENTRE DE DIA)","03",32,3,13222.23,0,10,0,6435.81,0,19,1,7255.17,2772.23,110,15,25980.55,322.73,9,1,2218.48,1057.06,18,0,3935.95,163.59,8,1,1386,0,NA,NA,NA,NA,mar 2015,NA,NA,NA,NA
"192","PRESTACIONS ECONÒMIQUES VINCULADES AL SERVEI (ACOLLIMENT RESIDENCIAL)","03",1075,190,792007.019999991,42143.48,691,11,626098.490000003,1345.99,1525,28,1055864.27999998,30428.47,704,0,327652.82,21884.17,751,0,375078.71,7024.77,909,0,406733.950000003,7881.49,0,0,0,0,NA,NA,NA,NA,mar 2015,NA,NA,NA,NA
"193","PRESTACIONS ECONÒMIQUES VINCULADES AL SERVEI (SUPORT DOMICILIARI INFERIOR)","03",9,0,3603.94,0,1,0,500.38,0,5,0,1999.99,0,29,5,7054.94,0,3,0,818.06,0,9,0,2144.57,0,6,0,1017,0,NA,NA,NA,NA,mar 2015,NA,NA,NA,NA
"194","PRESTACIONS ECONÒMIQUES VINCULADES AL SERVEI (SUPORT DOMICILIARI SUPERIOR)","03",46,10,24139.76,3219.11,29,0,17734.11,0,46,0,21769.62,0,81,3,25316.24,0,28,1,9650.9,0,35,1,11011.84,0,27,0,6192,0,1,0,240,0,mar 2015,NA,NA,NA,NA
"195","ASSISTENT PERSONAL","03",3,0,2580.05,0,17,0,15863.56,0,21,0,13099.76,0,0,0,0,0,0,0,0,0,0,0,0,0,0,0,0,0,NA,NA,NA,NA,mar 2015,NA,NA,NA,NA
"196","PRESTACIONS ECONÒMIQUES VINCULADES AL SERVEI (CENTRE DE DIA)","04",34,10,13257.51,0,10,0,6435.81,0,18,0,7255.17,0,115,19,27931.2499999999,485.78,9,1,2363.74,0,18,0,3695.23,3091.49,7,0,1215,0,NA,NA,NA,NA,abr 2015,NA,NA,NA,NA
"197","PRESTACIONS ECONÒMIQUES VINCULADES AL SERVEI (ACOLLIMENT RESIDENCIAL)","04",1409,403,1012285.10999998,14176.64,647,6,591458.130000003,8985.29,1510,76,1046365.16999998,18992.81,657,2,304665.52,11709.17,686,0,349727.179999999,2189.1,862,0,388471.460000003,4572.97,0,0,0,0,NA,NA,NA,NA,abr 2015,NA,NA,NA,NA
"198","PRESTACIONS ECONÒMIQUES VINCULADES AL SERVEI (SUPORT DOMICILIARI INFERIOR)","04",10,1,4032.98,0,1,0,500.38,0,5,0,1999.99,0,34,6,8162.85,0,3,0,818.06,0,10,0,2385.29,0,6,0,1017,0,NA,NA,NA,NA,abr 2015,NA,NA,NA,NA
"199","PRESTACIONS ECONÒMIQUES VINCULADES AL SERVEI (SUPORT DOMICILIARI SUPERIOR)","04",47,3,24538.65,0,28,0,17066.94,0,43,0,20602.08,0,87,8,27161.35,0,28,0,9650.9,0,31,0,9773.21,0,24,0,5472,0,1,1,240,0,abr 2015,NA,NA,NA,NA
"200","ASSISTENT PERSONAL","04",3,0,2580.05,0,16,0,14690.14,0,21,0,13099.76,0,0,0,0,0,0,0,0,0,0,0,0,0,0,0,0,0,NA,NA,NA,NA,abr 2015,NA,NA,NA,NA
"201","PRESTACIONS ECONÒMIQUES VINCULADES AL SERVEI (CENTRE DE DIA)","05",38,2,12126.72,14020.36,10,0,6435.81,0,17,0,6879.89,0,118,9,26326.6299999999,33685.88,8,0,2218.48,8856.03,16,1,3454.51,6572.8,6,1,880.71,1369.18,NA,NA,NA,NA,may 2015,NA,NA,NA,NA
"202","PRESTACIONS ECONÒMIQUES VINCULADES AL SERVEI (ACOLLIMENT RESIDENCIAL)","05",1656,187,1054958.16999998,1355230.68,629,2,572070.320000003,47877.92,1511,42,1028120.06999998,190692.04,644,24,291334.529999999,30389.13,654,3,333424.349999999,910.13,827,3,372120.050000002,17681.9,7,0,4712.05,0,NA,NA,NA,NA,may 2015,NA,NA,NA,NA
"203","PRESTACIONS ECONÒMIQUES VINCULADES AL SERVEI (SUPORT DOMICILIARI INFERIOR)","05",10,0,3675.45,0,1,0,500.38,0,5,0,1999.99,0,33,0,7924.22,0,3,0,818.06,0,10,0,2385.29,0,6,0,1017,0,NA,NA,NA,NA,may 2015,NA,NA,NA,NA
"204","PRESTACIONS ECONÒMIQUES VINCULADES AL SERVEI (SUPORT DOMICILIARI SUPERIOR)","05",46,0,23518.48,0,28,0,17066.94,0,41,0,19701.41,0,83,0,25814.8,0,27,0,9327.05,0,31,0,9773.21,0,23,0,5244,0,1,0,240,0,may 2015,NA,NA,NA,NA
"205","ASSISTENT PERSONAL","05",3,0,2580.05,0,16,0,14690.14,0,21,0,13099.76,0,0,0,0,0,0,0,0,0,0,0,0,0,0,0,0,0,NA,NA,NA,NA,may 2015,NA,NA,NA,NA
"206","PRESTACIONS ECONÒMIQUES VINCULADES AL SERVEI (CENTRE DE DIA)","06",66,6,13279.32,57475.58,11,0,5101.47,1964.83,19,0,5772.81,5708.26,197,28,28351.7199999999,84543.89,11,0,1941.17,2657.88,20,3,3835.41,3913.49,8,0,855,5747,NA,NA,NA,NA,jun 2015,NA,NA,NA,NA
"207","PRESTACIONS ECONÒMIQUES VINCULADES AL SERVEI (ACOLLIMENT RESIDENCIAL)","06",2029,288,1149637.60999998,1386782.73,636,16,559917.510000002,91312.02,1529,41,1010793.74999999,270928.01,848,184,336324.599999999,313467.79,670,17,325185.199999997,59590.06,849,14,363858.039999999,107544.34,0,0,0,0,NA,NA,NA,NA,jun 2015,NA,NA,NA,NA
"208","PRESTACIONS ECONÒMIQUES VINCULADES AL SERVEI (SUPORT DOMICILIARI INFERIOR)","06",16,7,6349.8,13017.09,1,0,500.38,0,5,0,1999.99,0,43,10,9560.51,22070.03,2,0,540.75,0,10,0,2385.29,240.72,6,0,1017,0,NA,NA,NA,NA,jun 2015,NA,NA,NA,NA
"209","PRESTACIONS ECONÒMIQUES VINCULADES AL SERVEI (SUPORT DOMICILIARI SUPERIOR)","06",60,12,27827.94,63634.99,28,0,17066.94,2092.45,41,0,19476.24,0,112,27,32573.13,61868.31,29,2,9622.85,15186.94,32,3,9676.92,1374.91,23,1,5244,689.03,2,1,480,0,jun 2015,NA,NA,NA,NA
"210","ASSISTENT PERSONAL","06",6,2,4081.7,2358.79,15,0,14102.37,0,21,0,13099.76,0,0,0,0,0,0,0,0,0,0,0,0,0,0,0,0,0,NA,NA,NA,NA,jun 2015,NA,NA,NA,NA
"211","PRESTACIONS ECONÒMIQUES VINCULADES AL SERVEI (CENTRE DE DIA)","07",45,9,16239.7,16929.49,9,0,5101.47,0,13,0,5397.53,0,141,31,30991.2799999999,26132.93,7,0,1663.86,1004.72,21,4,4176.67,6645.15,5,1,855,733.71,NA,NA,NA,NA,jul 2015,NA,NA,NA,NA
"212","PRESTACIONS ECONÒMIQUES VINCULADES AL SERVEI (ACOLLIMENT RESIDENCIAL)","07",1830,218,1212763.43999999,539022.65,605,3,546157.750000003,16522.83,1451,39,992203.229999984,98218.35,1085,316,419802.04,506720.119999999,647,22,322171.239999999,27128.35,807,25,356753.680000003,59908.3,0,0,0,0,NA,NA,NA,NA,jul 2015,NA,NA,NA,NA
"213","PRESTACIONS ECONÒMIQUES VINCULADES AL SERVEI (SUPORT DOMICILIARI INFERIOR)","07",14,1,5577.53,816.56,1,0,500.38,0,5,0,1999.99,0,40,2,9560.51,1377.32,2,0,540.75,0,11,1,2626.01,240.72,6,0,1017,0,NA,NA,NA,NA,jul 2015,NA,NA,NA,NA
"214","PRESTACIONS ECONÒMIQUES VINCULADES AL SERVEI (SUPORT DOMICILIARI SUPERIOR)","07",56,3,28643.13,4893.88,25,0,15098.78,0,41,1,19476.24,861.51,112,9,34243.54,9685.6,28,0,9622.85,0,31,0,9676.92,0,23,0,5244,0,3,1,624,1175.23,jul 2015,NA,NA,NA,NA
"215","ASSISTENT PERSONAL","07",6,0,4081.7,0,15,0,14102.37,0,21,0,13099.76,0,0,0,0,0,0,0,0,0,0,0,0,0,0,0,0,0,NA,NA,NA,NA,jul 2015,NA,NA,NA,NA
"216","PRESTACIONS ECONÒMIQUES VINCULADES AL SERVEI (CENTRE DE DIA)","08",46,6,17505.37,3861.37,9,0,5101.47,0,13,0,5397.53,0,135,13,31624.8599999999,7796.24,7,1,1941.17,805.09,17,0,3695.23,1065.78,6,0,855,1758.02,NA,NA,NA,NA,ago 2015,NA,NA,NA,NA
"217","PRESTACIONS ECONÒMIQUES VINCULADES AL SERVEI (ACOLLIMENT RESIDENCIAL)","08",1777,82,1220605.70999998,208480.07,592,6,536046.270000003,8857.32,1409,22,977245.329999992,52725.19,1066,117,442652.130000001,225719.27,636,8,320567.849999997,10939.67,791,17,352477.509999999,36016.56,0,0,0,0,NA,NA,NA,NA,ago 2015,NA,NA,NA,NA
"218","PRESTACIONS ECONÒMIQUES VINCULADES AL SERVEI (SUPORT DOMICILIARI INFERIOR)","08",17,3,6435.61,3452.62,1,0,500.38,0,5,0,1999.99,0,44,5,10519.28,3347.98,2,0,540.75,0,10,0,2385.29,0,6,0,1017,0,NA,NA,NA,NA,ago 2015,NA,NA,NA,NA
"219","PRESTACIONS ECONÒMIQUES VINCULADES AL SERVEI (SUPORT DOMICILIARI SUPERIOR)","08",59,4,29529.81,8824.99,25,0,15098.78,0,44,3,20977.38,3537.8,117,6,35794.6300000001,5114.24,27,0,9253.11,0,31,0,9676.92,0,24,1,5453.52,1197.26,3,0,624,0,ago 2015,NA,NA,NA,NA
"220","ASSISTENT PERSONAL","08",6,0,4081.7,0,15,0,14102.37,0,22,1,13886.49,3933.65,1,1,498.29,1116.59,0,0,0,0,0,0,0,0,0,0,0,0,NA,NA,NA,NA,ago 2015,NA,NA,NA,NA
"221","PRESTACIONS ECONÒMIQUES VINCULADES AL SERVEI (CENTRE DE DIA)","09",54,15,16983.89,27123.51,7,0,4125.74,0,16,2,5772.81,1534.47,150,22,30986.8999999999,23750.67,7,0,1663.86,3919.02,16,0,3683.19,1685.04,3,0,540,0,NA,NA,NA,NA,sep 2015,NA,NA,NA,NA
"222","PRESTACIONS ECONÒMIQUES VINCULADES AL SERVEI (ACOLLIMENT RESIDENCIAL)","09",2026,324,1289591.93,970604.440000001,569,13,499268.380000003,42344.69,1341,47,912101.449999986,137022.68,1534,503,551998.6,934193.340000001,632,36,305598.229999999,55081.61,833,73,345049.360000002,134742.33,0,0,0,0,NA,NA,NA,NA,sep 2015,NA,NA,NA,NA
"223","PRESTACIONS ECONÒMIQUES VINCULADES AL SERVEI (SUPORT DOMICILIARI INFERIOR)","09",16,2,6478.51,1386.76,1,0,500.38,0,5,0,1999.99,0,54,11,12781.97,7554,1,0,277.31,0,10,0,2385.29,0,6,0,1017,0,NA,NA,NA,NA,sep 2015,NA,NA,NA,NA
"224","PRESTACIONS ECONÒMIQUES VINCULADES AL SERVEI (SUPORT DOMICILIARI SUPERIOR)","09",63,7,31431.9,8274.04,25,0,15098.78,0,41,1,19301.13,301.12,126,10,38322.97,12149.09,28,1,9253.11,395.48,29,0,8799.63,0,23,0,5225.52,0,3,0,624,0,sep 2015,NA,NA,NA,NA
"225","ASSISTENT PERSONAL","09",6,0,4081.7,0,15,0,14102.37,0,22,0,13600.4,0,1,0,498.29,0,0,0,0,0,0,0,0,0,0,0,0,0,NA,NA,NA,NA,sep 2015,NA,NA,NA,NA
"226","PRESTACIONS ECONÒMIQUES VINCULADES AL SERVEI (CENTRE DE DIA)","10",40,2,15436.12,8350.93,7,0,4125.74,0,13,0,4947.19,353.8,134,9,30499.3099999999,13401.64,6,0,1490.54,0,18,0,3683.19,2117.54,3,0,540,0,NA,NA,NA,NA,oct 2015,NA,NA,NA,NA
"227","PRESTACIONS ECONÒMIQUES VINCULADES AL SERVEI (ACOLLIMENT RESIDENCIAL)","10",1978,98,1308192.04999999,471830.68,541,2,479006.490000002,18140.99,1296,18,881565.339999992,84230.88,1530,171,591937.299999997,565964.75,610,19,298965.879999998,50995.49,806,28,346933.349999999,69834.61,0,0,0,0,NA,NA,NA,NA,oct 2015,NA,NA,NA,NA
"228","PRESTACIONS ECONÒMIQUES VINCULADES AL SERVEI (SUPORT DOMICILIARI INFERIOR)","10",18,2,6976.19,1457.31,1,0,500.38,0,5,0,1999.99,0,54,3,12986.51,2226.8,1,0,277.31,0,10,0,2385.29,0,6,0,1017,0,NA,NA,NA,NA,oct 2015,NA,NA,NA,NA
"229","PRESTACIONS ECONÒMIQUES VINCULADES AL SERVEI (SUPORT DOMICILIARI SUPERIOR)","10",67,6,33776.7,24795.96,24,0,14431.61,0,40,0,19000.52,419.45,132,8,40018.9400000001,12961.98,26,0,8901.85,0,28,0,8714.04,0,22,0,4985.52,0,3,0,624,0,oct 2015,NA,NA,NA,NA
"230","ASSISTENT PERSONAL","10",6,0,4081.7,0,15,0,13952.21,0,22,0,13600.4,0,1,0,498.29,0,0,0,0,0,0,0,0,0,0,0,0,0,NA,NA,NA,NA,oct 2015,NA,NA,NA,NA
"231","PRESTACIONS ECONÒMIQUES VINCULADES AL SERVEI (CENTRE DE DIA)","11",54,19,16672.09,22775.81,7,0,4125.74,0,16,0,5565.36,2588.44,149,31,31915.8599999999,24678.01,6,1,1663.86,277.31,16,0,3743.37,217.44,2,0,360,0,NA,NA,NA,NA,nov 2015,NA,NA,NA,NA
"232","PRESTACIONS ECONÒMIQUES VINCULADES AL SERVEI (ACOLLIMENT RESIDENCIAL)","11",2104,209,1336287.34,551225.81,513,6,452021.960000003,15260.14,1240,37,839532.849999987,85996.17,1716,321,641526.889999999,565233.12,588,31,280893.569999999,54801.99,802,70,335972.790000002,137637.56,0,0,0,0,NA,NA,NA,NA,nov 2015,NA,NA,NA,NA
"233","PRESTACIONS ECONÒMIQUES VINCULADES AL SERVEI (SUPORT DOMICILIARI INFERIOR)","11",21,4,8623.71,4034.42,1,0,500.38,0,5,0,1999.99,0,58,5,13753.52,2949.29,1,0,277.31,0,9,1,2132.13,0,5,0,837,0,NA,NA,NA,NA,nov 2015,NA,NA,NA,NA
"234","PRESTACIONS ECONÒMIQUES VINCULADES AL SERVEI (SUPORT DOMICILIARI SUPERIOR)","11",70,6,34854.74,14551.52,24,0,14836.13,0,39,0,18750.33,0,125,2,38530.35,2936.14,26,0,8901.85,0,28,0,8714.04,0,22,0,4985.52,0,5,2,1092,1347.6,nov 2015,NA,NA,NA,NA
"235","ASSISTENT PERSONAL","11",6,0,4081.7,0,15,0,13952.21,0,22,0,13600.4,0,1,0,498.29,0,0,0,0,0,0,0,0,0,0,0,0,0,NA,NA,NA,NA,nov 2015,NA,NA,NA,NA
"236","PRESTACIONS ECONÒMIQUES VINCULADES AL SERVEI (CENTRE DE DIA)","12",57,16,19279.75,14297.91,7,0,4125.74,0,14,0,5565.36,0,158,34,33791.0299999999,41750.16,8,1,2218.48,0,15,1,3201.75,1680.49,3,1,360,939.41,NA,NA,NA,NA,dic 2015,NA,NA,NA,NA
"237","PRESTACIONS ECONÒMIQUES VINCULADES AL SERVEI (ACOLLIMENT RESIDENCIAL)","12",2239,222,1438850.03000001,682018.309999998,0,4,0,0,1250,26,844534.639999987,97414.6800000001,1867,327,697214.659999998,624302.82,603,33,282182.539999999,70460.95,808,55,337381.990000002,129346.17,0,0,0,0,NA,NA,NA,NA,dic 2015,NA,NA,NA,NA
"238","PRESTACIONS ECONÒMIQUES VINCULADES AL SERVEI (SUPORT DOMICILIARI INFERIOR)","12",22,0,8838.23,0,1,0,500.38,0,5,0,1999.99,0,65,10,15345.07,9669.14,1,0,277.31,0,9,0,2132.13,228.28,6,1,1017,90,NA,NA,NA,NA,dic 2015,NA,NA,NA,NA
"239","PRESTACIONS ECONÒMIQUES VINCULADES AL SERVEI (SUPORT DOMICILIARI SUPERIOR)","12",77,11,38774.86,22874.22,23,0,14202.32,667.17,38,0,18398.31,303.4,144,20,44469.6200000001,23712.64,23,1,7848.07,1455.11,29,0,9035,0,23,0,5225.52,79,8,3,1893.85,2856.24,dic 2015,NA,NA,NA,NA
"240","ASSISTENT PERSONAL","12",6,0,3966.93,0,15,0,13952.21,0,22,0,13600.4,0,1,0,498.29,0,0,0,0,0,0,0,0,0,0,0,0,0,NA,NA,NA,NA,dic 2015,NA,NA,NA,NA
"241","PRESTACIONS ECONÒMIQUES VINCULADES AL SERVEI (CENTRE DE DIA)","01",67,7,23039.07,12189.95,7,0,4125.74,0,17,3,6222.11,1373.96,154,26,33605.3199999999,21952.03,7,0,1528.49,1580.64,13,0,2961.03,0,4,2,540,373.42,NA,0,180,1080,ene 2016,NA,NA,NA,NA
"242","PRESTACIONS ECONÒMIQUES VINCULADES AL SERVEI (ACOLLIMENT RESIDENCIAL)","01",2336,219,1487704.39,680546.25,494,4,436632.680000002,15005.23,1203,34,814811.969999994,65425.8,1990,332,745244.47999999,633515.01,597,49,279265.989999998,79215.17,792,63,328231.159999999,111426.08,NA,NA,NA,NA,0,0,0,0,ene 2016,NA,NA,NA,NA
"243","PRESTACIONS ECONÒMIQUES VINCULADES AL SERVEI (SUPORT DOMICILIARI INFERIOR)","01",21,1,8537.9,543.45,1,0,500.38,0,5,0,1999.99,0,68,7,16294.02,4484.11,1,0,277.31,0,9,0,2132.13,0,6,0,1017,0,2,2,360,698.88,ene 2016,NA,NA,NA,NA
"244","PRESTACIONS ECONÒMIQUES VINCULADES AL SERVEI (SUPORT DOMICILIARI SUPERIOR)","01",78,5,38597.03,7533.69,22,0,13535.15,0,38,0,18398.31,0,150,9,45935.4800000001,12693.2,22,0,7478.33,0,28,0,8714.04,0,23,0,5225.52,0,9,1,2133.85,304,ene 2016,NA,NA,NA,NA
"245","ASSISTENT PERSONAL","01",7,0,5042.31,5844.33,15,0,13952.21,0,22,0,13600.4,0,1,0,498.29,0,0,0,0,0,0,0,0,0,0,0,0,0,NA,NA,NA,NA,ene 2016,NA,NA,NA,NA
"246","PRESTACIONS ECONÒMIQUES VINCULADES AL SERVEI (CENTRE DE DIA)","02",62,12,22129.47,23503.23,7,0,4125.74,0,16,1,6222.11,0,174,53,34488.5199999999,58932.03,6,0,1372.68,1004.72,14,2,2973.07,1219.69,7,2,695.29,1291.16,NA,4,360,1515.1,feb 2016,NA,NA,NA,NA
"247","PRESTACIONS ECONÒMIQUES VINCULADES AL SERVEI (ACOLLIMENT RESIDENCIAL)","02",2495,252,1564070.35000001,784272.69,488,6,426351.070000002,29975.24,1170,22,779053.909999995,116743.83,2170,371,795151.64999999,787962.84,588,36,271074.459999999,88633.17,811,72,327085.099999999,178085.71,NA,NA,NA,NA,0,0,0,0,feb 2016,NA,NA,NA,NA
"248","PRESTACIONS ECONÒMIQUES VINCULADES AL SERVEI (SUPORT DOMICILIARI INFERIOR)","02",20,0,8323.38,537.12,1,0,500.38,0,5,0,1999.99,0,76,12,17578.75,6623.43,2,0,554.62,0,10,0,2372.85,481.44,5,0,837,0,2,0,360,0,feb 2016,NA,NA,NA,NA
"249","PRESTACIONS ECONÒMIQUES VINCULADES AL SERVEI (SUPORT DOMICILIARI SUPERIOR)","02",82,5,40227.34,15703.4,23,0,13771.47,0,37,0,17697.78,155.5,155,8,46728.1600000001,11927.68,22,0,7478.33,0,28,0,8403.78,0,22,0,4949.52,290.99,15,5,3462.85,2050.16,feb 2016,NA,NA,NA,NA
"250","ASSISTENT PERSONAL","02",7,0,5042.31,0,15,0,13952.21,0,22,0,13600.4,0,1,0,498.29,0,0,0,0,0,0,0,0,0,0,0,0,0,NA,NA,NA,NA,feb 2016,NA,NA,NA,NA
"251","PRESTACIONS ECONÒMIQUES VINCULADES AL SERVEI (CENTRE DE DIA)","03",65,6,22274.44,18140.36,6,0,3625.36,0,17,1,6329.76,1098.71,178,24,38163.5499999999,34212.15,8,0,1649.99,2176.28,17,1,3373.86,713.61,3,0,564.54,0,NA,2,1273.71,6163.07,mar 2016,NA,NA,NA,NA
"252","PRESTACIONS ECONÒMIQUES VINCULADES AL SERVEI (ACOLLIMENT RESIDENCIAL)","03",2538,172,1615952.64000002,517199.95,479,2,419589.390000002,42863.42,1132,12,760961.099999989,57047.26,2204,235,828610.179999996,486526.97,575,19,262910.989999999,54406.44,796,45,324099.910000001,112364.84,NA,NA,NA,NA,0,0,0,0,mar 2016,NA,NA,NA,NA
"253","PRESTACIONS ECONÒMIQUES VINCULADES AL SERVEI (SUPORT DOMICILIARI INFERIOR)","03",22,2,8093.13,1582.38,1,0,500.38,0,5,0,1999.99,0,72,1,17067.41,486.6,2,0,342.02,0,10,0,2372.85,0,5,0,837,0,15,13,2633.5,7711.08,mar 2016,NA,NA,NA,NA
"254","PRESTACIONS ECONÒMIQUES VINCULADES AL SERVEI (SUPORT DOMICILIARI SUPERIOR)","03",81,1,39769.7,1697.73,22,0,13237.73,0,38,0,18132.28,3955.82,152,4,46875.8900000001,4083.76,22,0,7478.33,0,27,0,8393.08,0,23,0,4949.52,990.29,30,15,6687.49,9572.21,mar 2016,NA,NA,NA,NA
"255","ASSISTENT PERSONAL","03",7,0,5042.31,0,15,0,13952.21,0,22,0,13600.4,0,1,0,498.29,0,0,0,0,0,0,0,0,0,0,0,0,0,NA,NA,NA,NA,mar 2016,NA,NA,NA,NA
"256","PRESTACIONS ECONÒMIQUES VINCULADES AL SERVEI (CENTRE DE DIA)","04",72,18,25171,23637.64,7,0,3625.36,106.43,18,1,6403.26,1623.6,201,53,41993.5799999999,42534.05,7,0,1927.3,2218.48,13,0,2911.03,0,4,1,735.54,1539,NA,19,2318.99,11339.88,abr 2016,NA,NA,NA,NA
"257","PRESTACIONS ECONÒMIQUES VINCULADES AL SERVEI (ACOLLIMENT RESIDENCIAL)","04",2753,290,1685614.75000003,727725.65,461,4,397355.280000002,13369.55,1144,56,741736.699999989,156611.96,2364,374,863186.079999995,621149.4,555,36,253404.149999999,60224.74,785,60,314136.310000001,126704.81,NA,NA,NA,NA,0,0,0,0,abr 2016,NA,NA,NA,NA
"258","PRESTACIONS ECONÒMIQUES VINCULADES AL SERVEI (SUPORT DOMICILIARI INFERIOR)","04",25,0,10082.45,4438.34,1,0,500.38,0,5,0,1999.99,0,84,0,19764.72,12294.64,0,0,0,0,9,0,1929.36,0,5,0,837,0,29,0,4465.46,5460.7,abr 2016,NA,NA,NA,NA
"259","PRESTACIONS ECONÒMIQUES VINCULADES AL SERVEI (SUPORT DOMICILIARI SUPERIOR)","04",88,0,43256.13,15372.19,22,0,13237.73,0,38,0,18132.28,0,171,0,51904.7700000001,24113.87,22,0,7496.81,633.07,29,0,8756.83,320.96,24,0,5389.72,230.42,47,0,10123.39,9809.21,abr 2016,NA,NA,NA,NA
"260","ASSISTENT PERSONAL","04",7,0,5042.31,0,15,0,13780.58,0,22,0,13600.4,0,1,0,498.29,0,0,0,0,0,0,0,0,0,0,0,0,0,NA,NA,NA,NA,abr 2016,NA,NA,NA,NA
"261","PRESTACIONS ECONÒMIQUES VINCULADES AL SERVEI (CENTRE DE DIA)","05",84,19,29252.22,27519.13,7,1,4125.74,0,17,1,6342.54,1387.33,223,49,45844.5099999998,48346.77,8,2,2127.51,1229.32,14,1,3114.7,0,4,1,555.54,316.55,NA,0,3424.69,12511.87,may 2016,NA,NA,NA,NA
"262","PRESTACIONS ECONÒMIQUES VINCULADES AL SERVEI (ACOLLIMENT RESIDENCIAL)","05",2792,235,1743854.18000003,696733.6,441,7,381259.510000001,28241.53,1095,34,728416.309999996,81704,2442,314,897928.34999999,577841.17,549,34,249781.089999999,58908.07,788,76,312783.719999998,112659.17,NA,NA,NA,NA,0,0,0,0,may 2016,NA,NA,NA,NA
"263","PRESTACIONS ECONÒMIQUES VINCULADES AL SERVEI (SUPORT DOMICILIARI INFERIOR)","05",28,3,11669.9,6662.83,1,0,500.38,0,5,0,1999.99,0,92,8,21643.91,4942.56,0,0,0,0,7,0,1660.96,0,5,0,837,0,38,11,5804.24,4950.86,may 2016,NA,NA,NA,NA
"264","PRESTACIONS ECONÒMIQUES VINCULADES AL SERVEI (SUPORT DOMICILIARI SUPERIOR)","05",104,17,52141.9399999999,38911.65,22,0,13237.73,0,39,0,18215.69,106.98,183,22,55105.4300000001,23908.39,22,0,7570.75,58.55,30,0,9355.96,318.74,25,0,5389.72,238.71,70,25,15682.24,14953.04,may 2016,NA,NA,NA,NA
"265","ASSISTENT PERSONAL","05",7,0,5042.31,0,15,0,13780.58,0,22,0,13489.05,0,1,0,498.29,0,0,0,0,0,0,0,0,0,0,0,0,0,NA,NA,NA,NA,may 2016,NA,NA,NA,NA
"266","PRESTACIONS ECONÒMIQUES VINCULADES AL SERVEI (CENTRE DE DIA)","06",106,28,36392.22,36578.41,7,0,4125.74,0,15,0,6086.87,0,250,62,53368.2699999998,69885.6,6,0,1628.35,0,14,2,3169.25,235.22,2,0,171,2476.55,NA,31,5459.99,32014.55,jun 2016,NA,NA,NA,NA
"267","PRESTACIONS ECONÒMIQUES VINCULADES AL SERVEI (ACOLLIMENT RESIDENCIAL)","06",3079,238,1879919.32000004,754745.5,423,4,366242.060000001,77925.26,1050,19,712651.869999997,69616.67,2398,291,886972.159999991,453857.48,473,15,220933.849999999,12737.88,682,40,279986.009999999,76850.6,NA,NA,NA,NA,0,0,0,0,jun 2016,NA,NA,NA,NA
"268","PRESTACIONS ECONÒMIQUES VINCULADES AL SERVEI (SUPORT DOMICILIARI INFERIOR)","06",29,1,11925.57,1184.28,1,0,500.38,0,5,0,1999.99,0,95,8,21992.06,4979.73,0,0,0,0,7,0,1660.96,0,5,0,837,0,46,9,6872.77,3194.06,jun 2016,NA,NA,NA,NA
"269","PRESTACIONS ECONÒMIQUES VINCULADES AL SERVEI (SUPORT DOMICILIARI SUPERIOR)","06",114,8,56096.8299999999,23996.74,23,0,13545.62,15213.73,38,0,17681.95,0,199,24,61312.0500000001,28953.22,22,0,7304.53,0,32,0,9781.81,718.01,26,1,5857.72,944.9,88,18,19865.62,10478.17,jun 2016,NA,NA,NA,NA
"270","ASSISTENT PERSONAL","06",6,0,4081.7,0,15,0,13780.58,0,22,0,13600.4,0,1,0,498.29,0,0,0,0,0,0,0,0,0,0,0,0,0,NA,NA,NA,NA,jun 2016,NA,NA,NA,NA
"271","PRESTACIONS ECONÒMIQUES VINCULADES AL SERVEI (CENTRE DE DIA)","07",101,11,35171.07,12208.39,6,0,3625.36,0,14,0,5711.59,0,285,68,58023.7399999998,69731.86,6,0,1628.35,0,16,2,2928.53,2544.78,2,1,351,875.17,NA,36,8320.91,28480.71,jul 2016,NA,NA,NA,NA
"272","PRESTACIONS ECONÒMIQUES VINCULADES AL SERVEI (ACOLLIMENT RESIDENCIAL)","07",3098,200,1913696.78000004,646094.21,414,1,361179.53,7306.57,1031,21,696136.419999997,51284.52,2487,269,922225.44999999,458504.199999999,474,21,219198.689999999,44141.35,696,47,280673.549999998,73708.38,NA,NA,NA,NA,0,0,0,0,jul 2016,NA,NA,NA,NA
"273","PRESTACIONS ECONÒMIQUES VINCULADES AL SERVEI (SUPORT DOMICILIARI INFERIOR)","07",30,1,12333.16,217.38,1,0,500.38,0,5,0,1999.99,0,102,12,23425.75,8794.12,1,0,263.44,237.91,8,0,1901.68,0,5,0,837,0,55,9,8207.87,2935.51,jul 2016,NA,NA,NA,NA
"274","PRESTACIONS ECONÒMIQUES VINCULADES AL SERVEI (SUPORT DOMICILIARI SUPERIOR)","07",121,10,58947.4499999999,15320.86,23,0,13938.04,984.7,37,0,17631.91,0,203,7,63097.4500000001,5102.64,22,1,7644.69,1631.96,32,0,9781.81,1551.11,29,3,6529.72,1887.59,109,21,24279.66,13557.59,jul 2016,NA,NA,NA,NA
"275","ASSISTENT PERSONAL","07",6,0,4081.7,0,16,0,13974.9,401.59,22,0,13600.4,0,1,0,498.29,0,0,0,0,0,0,0,0,0,0,0,0,0,NA,NA,NA,NA,jul 2016,NA,NA,NA,NA
"276","PRESTACIONS ECONÒMIQUES VINCULADES AL SERVEI (CENTRE DE DIA)","08",97,12,34833.77,13762.08,6,0,3625.36,0,16,2,6086.87,47.24,272,29,60022.4399999998,28267.53,7,1,1628.35,395.16,13,0,2928.53,0,3,1,531,312,NA,18,9823.91,15366.42,ago 2016,NA,NA,NA,NA
"277","PRESTACIONS ECONÒMIQUES VINCULADES AL SERVEI (ACOLLIMENT RESIDENCIAL)","08",3131,154,1960850.39000005,464680.31,407,1,356497.590000001,1761.2,1002,9,681255.189999992,27709.24,2515,186,953272.179999994,287444.16,472,12,220089.699999999,21568.35,667,23,278798.740000001,45295.17,NA,NA,NA,NA,0,0,0,0,ago 2016,NA,NA,NA,NA
"278","PRESTACIONS ECONÒMIQUES VINCULADES AL SERVEI (SUPORT DOMICILIARI INFERIOR)","08",29,0,11904.12,0,1,0,500.38,0,5,0,1999.99,0,109,9,25205.18,5597.44,1,0,263.44,0,8,0,1901.68,0,5,0,837,0,58,4,8730.63,1798.88,ago 2016,NA,NA,NA,NA
"279","PRESTACIONS ECONÒMIQUES VINCULADES AL SERVEI (SUPORT DOMICILIARI SUPERIOR)","08",121,2,59646.39,7163.52,22,0,13338.64,0,39,0,18632.67,784.86,211,10,65882.8300000001,13290.85,22,0,7644.69,0,34,0,10391.81,1504.9,28,1,6289.72,3027.1,139,30,30771.66,15342.05,ago 2016,NA,NA,NA,NA
"280","ASSISTENT PERSONAL","08",7,0,5041.84,0,15,0,12780.77,0,22,0,13600.4,0,1,0,498.29,0,0,0,0,0,0,0,0,0,0,0,0,0,NA,NA,NA,NA,ago 2016,NA,NA,NA,NA
"281","PRESTACIONS ECONÒMIQUES VINCULADES AL SERVEI (CENTRE DE DIA)","09",109,29,35821.79,51112.01,7,0,3925.59,4732.76,12,0,5054.84,0,327,75,64431.8299999998,76853.1,6,1,1351.04,138.66,13,0,2760.03,0,6,3,711,6445.16,NA,39,11902.91,34553.76,sep 2016,NA,NA,NA,NA
"282","PRESTACIONS ECONÒMIQUES VINCULADES AL SERVEI (ACOLLIMENT RESIDENCIAL)","09",3265,292,1969149.15000005,914233.76,385,7,329812.47,106931.68,971,23,642504.359999998,76351.79,2682,402,974565.73999999,717536.27,441,14,201352.949999999,29899.9,642,36,261965.699999999,84482,NA,NA,NA,NA,0,0,0,0,sep 2016,NA,NA,NA,NA
"283","PRESTACIONS ECONÒMIQUES VINCULADES AL SERVEI (SUPORT DOMICILIARI INFERIOR)","09",31,2,12762.2,2257.77,1,0,500.38,0,5,0,1999.99,0,118,9,27132.5999999999,7969.96,1,0,263.44,0,7,0,1660.96,0,4,0,666,0,64,8,9447.97,2172.74,sep 2016,NA,NA,NA,NA
"284","PRESTACIONS ECONÒMIQUES VINCULADES AL SERVEI (SUPORT DOMICILIARI SUPERIOR)","09",129,11,61706.6299999999,44383.21,21,0,12671.47,0,38,0,18032.22,800.6,242,31,74241.2599999999,55264.51,23,0,7644.69,3206.67,34,0,10407.86,369.81,29,2,6517.72,876.97,191,57,42009.93,38032.4,sep 2016,NA,NA,NA,NA
"285","ASSISTENT PERSONAL","09",7,0,5041.84,0,15,0,12790.72,0,22,0,13600.4,0,1,0,498.29,0,0,0,0,0,0,0,0,0,0,0,0,0,NA,NA,NA,NA,sep 2016,NA,NA,NA,NA
"286","PRESTACIONS ECONÒMIQUES VINCULADES AL SERVEI (CENTRE DE DIA)","10",117,18,39957.52,19770.62,9,2,4425.97,1371.67,12,0,5054.84,0,309,36,65188.1799999998,35723.33,6,0,1351.04,4436.96,12,0,2699.85,0,4,0,711,0,NA,19,12011.5,19843.72,oct 2016,NA,NA,NA,NA
"287","PRESTACIONS ECONÒMIQUES VINCULADES AL SERVEI (ACOLLIMENT RESIDENCIAL)","10",3313,231,2013345.90000005,815072.91,361,3,311287.13,10329,925,20,615857.079999998,64663.96,2689,272,996765.97999999,585291.06,420,9,195688.049999999,25839.56,622,30,253171.319999999,53174.1,NA,NA,NA,NA,2,0,1109.75,0,oct 2016,NA,NA,NA,NA
"288","PRESTACIONS ECONÒMIQUES VINCULADES AL SERVEI (SUPORT DOMICILIARI INFERIOR)","10",31,2,11852.8,1819.11,1,0,500.38,0,5,0,1999.99,0,120,8,27502.1299999999,5754.42,1,0,263.44,0,7,0,1660.96,0,5,1,846,214.84,74,10,10973.35,3639.65,oct 2016,NA,NA,NA,NA
"289","PRESTACIONS ECONÒMIQUES VINCULADES AL SERVEI (SUPORT DOMICILIARI SUPERIOR)","10",127,6,62787.1699999999,16418.38,21,0,12671.47,0,38,0,18032.22,0,246,13,75701.4399999999,29756.74,22,0,7644.69,0,31,0,9444.98,0,25,1,5557.72,480,214,28,47217.13,22218.67,oct 2016,NA,NA,NA,NA
"290","ASSISTENT PERSONAL","10",7,0,5041.84,0,15,0,12790.72,0,22,0,13600.4,0,1,0,498.29,0,0,0,0,0,0,0,0,0,0,0,0,0,NA,NA,NA,NA,oct 2016,NA,NA,NA,NA
"291","PRESTACIONS ECONÒMIQUES VINCULADES AL SERVEI (CENTRE DE DIA)","11",156,24,43710.6,43565.41,8,0,4425.97,0,12,2,4660.8,2506.09,361,57,68241.7499999998,64046.88,10,1,1351.04,2637.53,16,1,2699.85,849.53,10,4,1215,3908.05,NA,26,12508.65,21489.65,nov 2016,NA,NA,NA,NA
"292","PRESTACIONS ECONÒMIQUES VINCULADES AL SERVEI (ACOLLIMENT RESIDENCIAL)","11",3584,266,2028630.34000006,860729.820000001,365,1,293503.04,29768.84,971,31,592900.719999998,174978.86,2916,331,1016349.16999999,671013.63,463,17,189741.469999999,48537.15,659,42,248060.139999999,94153.05,NA,NA,NA,NA,0,0,0,0,nov 2016,NA,NA,NA,NA
"293","PRESTACIONS ECONÒMIQUES VINCULADES AL SERVEI (SUPORT DOMICILIARI INFERIOR)","11",29,1,11809.9,1873.47,1,0,500.38,0,5,0,1999.99,0,128,10,29476.9899999999,9561.18,1,0,263.44,0,8,1,1901.68,1242.43,6,0,1026,223.95,80,7,11567.67,2596.17,nov 2016,NA,NA,NA,NA
"294","PRESTACIONS ECONÒMIQUES VINCULADES AL SERVEI (SUPORT DOMICILIARI SUPERIOR)","11",142,11,68493.1899999999,30615.22,22,1,13338.64,2302.81,38,0,17123.2,716.55,264,30,80548.3399999998,38394,22,0,7355.07,149.91,32,1,9633.36,1983.67,31,3,6445.72,2667.52,257,53,57213.42,43891.03,nov 2016,NA,NA,NA,NA
"295","ASSISTENT PERSONAL","11",7,0,5041.84,0,15,0,12790.72,0,22,0,13600.4,0,2,1,1180.08,954.51,0,0,0,0,0,0,0,0,0,0,0,0,NA,NA,NA,NA,nov 2016,NA,NA,NA,NA
"296","PRESTACIONS ECONÒMIQUES VINCULADES AL SERVEI (CENTRE DE DIA)","12",126,18,43525.81,26156.48,7,0,3925.59,0,12,1,4660.8,750.56,320,47,68293.8799999997,35561.18,5,0,1351.04,0,15,3,3169.25,1854.78,7,0,1215,0,NA,23,13048.26,26138.43,dic 2016,NA,NA,NA,NA
"297","PRESTACIONS ECONÒMIQUES VINCULADES AL SERVEI (ACOLLIMENT RESIDENCIAL)","12",3296,204,1999964.86000005,719027.5,320,3,272413.99,10276.39,860,12,569790.459999998,66142.11,2701,238,1003314.40999999,437719.27,392,12,179719.009999999,14525.6,576,32,235995.469999999,41269.83,NA,NA,NA,NA,3,0,1746.19,0,dic 2016,NA,NA,NA,NA
"298","PRESTACIONS ECONÒMIQUES VINCULADES AL SERVEI (SUPORT DOMICILIARI INFERIOR)","12",29,1,11831.35,858.08,1,0,500.38,0,5,0,1999.99,0,127,5,28727.3199999999,1756.78,1,0,263.44,0,8,0,1901.68,0,6,0,1026,0,85,8,12334.46,2635.39,dic 2016,NA,NA,NA,NA
"299","PRESTACIONS ECONÒMIQUES VINCULADES AL SERVEI (SUPORT DOMICILIARI SUPERIOR)","12",144,6,71809.2199999999,15523.03,23,0,13805.66,798.43,36,0,16706.22,31.4,277,19,84280.2899999997,26961.5,21,0,7256.47,0,34,0,10259.23,1225.29,28,1,6154.36,4080,288,35,64038.07,22380.71,dic 2016,NA,NA,NA,NA
"300","ASSISTENT PERSONAL","12",8,0,6002.98,536.36,14,0,12757.49,0,23,1,14135.69,4817.61,2,0,1180.08,0,0,0,0,0,0,0,0,0,0,0,0,0,NA,NA,NA,NA,dic 2016,NA,NA,NA,NA
"301","PRESTACIONS ECONÒMIQUES VINCULADES AL SERVEI (CENTRE DE DIA)","01",147,36,45045.4,65673.02,7,0,3925.59,0,13,1,5017.32,1817.97,378,95,75229.8399999997,105577.01,5,1,1095.37,125.23,15,2,3169.27,914.65,119,2,1404,911.38,8,47,16823.54,43394.76,ene 2017,NA,NA,NA,NA
"302","PRESTACIONS ECONÒMIQUES VINCULADES AL SERVEI (ACOLLIMENT RESIDENCIAL)","01",3466,380,1999678.70000006,1079451.91,308,4,260762.11,13235.77,838,21,543724.079999998,51818.53,2895,455,1014640.76999999,813812.23,379,14,170094.929999999,18258.34,564,40,221324.329999999,79566.46,0,0,0,0,NA,NA,NA,NA,ene 2017,NA,NA,NA,NA
"303","PRESTACIONS ECONÒMIQUES VINCULADES AL SERVEI (SUPORT DOMICILIARI INFERIOR)","01",33,4,13082.71,2585.68,0,0,0,0,5,0,1999.99,0,139,19,31913.5299999999,13712.92,1,0,263.44,0,8,0,1901.68,0,6,0,1026,0,91,8,13103.06,6416.38,ene 2017,NA,NA,NA,NA
"304","PRESTACIONS ECONÒMIQUES VINCULADES AL SERVEI (SUPORT DOMICILIARI SUPERIOR)","01",162,15,78467.2599999998,39057.12,22,0,13138.49,0,37,0,17081.5,909.38,296,31,91514.3599999996,46352.92,21,0,7256.47,0,37,0,10938.38,1180.56,32,3,6908.2,2111.39,337,51,74578.98,31583.93,ene 2017,NA,NA,NA,NA
"305","ASSISTENT PERSONAL","01",9,1,6430,1464.07,14,0,12768.03,0,23,0,14135.69,0,2,0,1180.08,0,0,0,0,0,0,0,0,0,0,0,0,0,NA,NA,NA,NA,ene 2017,NA,NA,NA,NA
"306","PRESTACIONS ECONÒMIQUES VINCULADES AL SERVEI (CENTRE DE DIA)","02",118,13,40144.57,25423.8,6,0,3625.36,0,13,1,4398.1,3441.28,334,37,71411.6799999997,40114.57,6,0,1095.37,591.22,17,2,3274,1365.96,116,0,1404,1260,9,25,18150.4,23282.03,feb 2017,NA,NA,NA,NA
"307","PRESTACIONS ECONÒMIQUES VINCULADES AL SERVEI (ACOLLIMENT RESIDENCIAL)","02",3234,200,1913071.11000005,667743.99,364,8,241476.21,120479.8,883,15,513285.519999999,168632.63,2664,210,968981.78999999,403335.89,384,9,162457.329999999,49485.9,555,26,211586.989999999,57291.75,0,0,0,0,NA,NA,NA,NA,feb 2017,NA,NA,NA,NA
"308","PRESTACIONS ECONÒMIQUES VINCULADES AL SERVEI (SUPORT DOMICILIARI INFERIOR)","02",33,4,13375.89,2753.46,0,0,0,0,6,0,2375.27,0,136,7,31731.5399999999,5859.46,1,0,263.44,0,8,0,1901.68,0,6,0,1026,0,94,5,13494.16,2988.76,feb 2017,NA,NA,NA,NA
"309","PRESTACIONS ECONÒMIQUES VINCULADES AL SERVEI (SUPORT DOMICILIARI SUPERIOR)","02",155,2,77372.2899999998,7500.87,24,0,13138.49,210.42,34,0,16080.74,0,300,17,91945.9099999996,21116.25,21,0,7182.53,101.39,36,0,10965,423.73,31,1,6920.2,741.19,372,42,82657.25,37017.67,feb 2017,NA,NA,NA,NA
"310","ASSISTENT PERSONAL","02",9,0,6519.65,0,14,0,11934.07,113.17,23,0,14135.69,0,2,0,1180.08,0,0,0,0,0,0,0,0,0,0,0,0,0,NA,NA,NA,NA,feb 2017,NA,NA,NA,NA
"311","PRESTACIONS ECONÒMIQUES VINCULADES AL SERVEI (CENTRE DE DIA)","03",128,18,40305.04,33595.23,7,1,4125.74,0,11,2,4022.82,1515.13,376,78,76228.9699999997,81106.58,5,1,1372.68,274.62,13,0,2792.56,2995.64,143,1,1404,354.19,8,50,20247.79,55503.51,mar 2017,NA,NA,NA,NA
"312","PRESTACIONS ECONÒMIQUES VINCULADES AL SERVEI (ACOLLIMENT RESIDENCIAL)","03",3417,354,1993876.38000006,1019654.12,271,6,228588.38,25791.41,761,30,493010.959999999,55856.24,2873,451,1020290.17999999,690496.78,360,29,158286.279999999,43303.13,536,53,214632.489999999,86305.75,3,0,1603.91,0,NA,NA,NA,NA,mar 2017,NA,NA,NA,NA
"313","PRESTACIONS ECONÒMIQUES VINCULADES AL SERVEI (SUPORT DOMICILIARI INFERIOR)","03",35,4,13397.34,6166.52,0,0,0,0,6,0,2375.27,0,150,19,34322.3399999999,11612.87,1,0,263.44,0,8,0,1901.68,0,6,0,1026,0,105,14,15277.46,6739.82,mar 2017,NA,NA,NA,NA
"314","PRESTACIONS ECONÒMIQUES VINCULADES AL SERVEI (SUPORT DOMICILIARI SUPERIOR)","03",173,22,86276.9899999997,68851.12,22,0,13138.49,0,33,0,15680.44,873.85,318,33,96839.0899999995,74395.27,20,0,6587.23,0,36,0,10997.44,2179.81,34,3,7628.2,4983.13,457,91,101622.99,71514.05,mar 2017,NA,NA,NA,NA
"315","ASSISTENT PERSONAL","03",9,0,6718.05,0,13,0,11934.07,0,23,0,14135.69,0,2,0,1180.08,0,0,0,0,0,0,0,0,0,0,0,0,0,NA,NA,NA,NA,mar 2017,NA,NA,NA,NA
"316","PRESTACIONS ECONÒMIQUES VINCULADES AL SERVEI (CENTRE DE DIA)","04",155,37,47723.17,57406.64,4,0,2001.5,0,8,0,2626.97,0,377,67,80074.8099999997,55957.95,5,0,1372.68,0,14,2,2792.56,578.79,161,1,1584,265.34,9,52,24882.35,47042.9,abr 2017,NA,NA,NA,NA
"317","PRESTACIONS ECONÒMIQUES VINCULADES AL SERVEI (ACOLLIMENT RESIDENCIAL)","04",3478,274,2064204.67000006,722744.2,275,2,229082.95,14026.2,741,23,483977.599999999,76494.73,2966,378,1070744.34999999,600151.55,353,22,155716.119999999,32547.11,519,30,207173.969999999,52491.81,2,0,1430.14,0,NA,NA,NA,NA,abr 2017,NA,NA,NA,NA
"318","PRESTACIONS ECONÒMIQUES VINCULADES AL SERVEI (SUPORT DOMICILIARI INFERIOR)","04",35,5,14062.35,4923.57,0,0,0,0,6,0,2375.27,0,161,19,36770.7699999999,10556.81,3,1,818.06,2513.68,8,0,1901.68,0,6,0,1026,0,107,5,15564.6,874.55,abr 2017,NA,NA,NA,NA
"319","PRESTACIONS ECONÒMIQUES VINCULADES AL SERVEI (SUPORT DOMICILIARI SUPERIOR)","04",180,10,90900.9599999997,20073.66,22,0,12504.68,314.24,33,0,15680.44,0,337,28,104134.839999999,33626.6,20,0,6923.69,261.1,37,0,11157.92,3522.66,35,2,7856.2,1744.26,522,75,116153.94,56136.56,abr 2017,NA,NA,NA,NA
"320","ASSISTENT PERSONAL","04",9,0,6718.05,0,13,0,11934.07,0,23,0,14135.69,0,2,0,1180.08,0,0,0,0,0,0,0,0,0,0,0,0,0,NA,NA,NA,NA,abr 2017,NA,NA,NA,NA
"321","PRESTACIONS ECONÒMIQUES VINCULADES AL SERVEI (CENTRE DE DIA)","05",165,25,53768.3,45476.61,3,0,1501.12,0,9,0,3002.25,750.56,398,60,84570.4799999997,70639.41,5,0,1372.68,0,12,2,2539.8,1839.33,161,1,1044,328.26,7,36,25610.93,31234.18,may 2017,NA,NA,NA,NA
"322","PRESTACIONS ECONÒMIQUES VINCULADES AL SERVEI (ACOLLIMENT RESIDENCIAL)","05",3477,218,2067278.41000006,623209.97,268,1,225076.66,13281.58,725,19,473884.789999999,65177.75,3050,335,1095772.84999999,513858.2,338,10,152019.879999999,10040.73,498,22,199426.109999999,53398.61,4,0,1856.26,1112.33,NA,NA,NA,NA,may 2017,NA,NA,NA,NA
"323","PRESTACIONS ECONÒMIQUES VINCULADES AL SERVEI (SUPORT DOMICILIARI INFERIOR)","05",33,0,13579.12,867.12,0,0,0,0,6,0,2375.27,0,165,17,38779.5599999998,10119.67,3,0,818.06,0,8,0,1901.68,0,6,0,1026,0,105,6,15400.69,5629.76,may 2017,NA,NA,NA,NA
"324","PRESTACIONS ECONÒMIQUES VINCULADES AL SERVEI (SUPORT DOMICILIARI SUPERIOR)","05",189,10,95071.4399999997,23877.57,20,0,11837.51,0,34,1,15680.44,981.39,347,17,106937.009999999,33960.37,21,0,7219.49,304.94,34,0,10195.04,31.26,38,3,8495.2,4585.26,592,86,132127.07,68947.11,may 2017,NA,NA,NA,NA
"325","ASSISTENT PERSONAL","05",9,0,6718.05,0,13,0,11934.07,0,23,0,14135.69,0,2,0,1180.08,0,0,0,0,0,0,0,0,0,0,0,0,0,NA,NA,NA,NA,may 2017,NA,NA,NA,NA
"326","PRESTACIONS ECONÒMIQUES VINCULADES AL SERVEI (CENTRE DE DIA)","06",172,28,56972.8600000001,37153.83,3,0,1501.12,0,7,0,2251.69,0,441,102,88726.3699999997,91958.24,5,0,1372.68,0,15,4,2768.48,1327.02,201,2,1395,1325.03,8,69,29940.79,87149.42,jun 2017,NA,NA,NA,NA
"327","PRESTACIONS ECONÒMIQUES VINCULADES AL SERVEI (ACOLLIMENT RESIDENCIAL)","06",3663,374,2164272.73000006,962364.359999999,264,4,220505.48,16126.13,728,28,470991.73,60044.38,3262,497,1175730.05000001,741558.449999999,337,15,148078.8,21206.29,516,40,201159.949999999,54336.46,0,0,0,0,NA,NA,NA,NA,jun 2017,NA,NA,NA,NA
"328","PRESTACIONS ECONÒMIQUES VINCULADES AL SERVEI (SUPORT DOMICILIARI INFERIOR)","06",37,5,14844.79,6969.37,0,0,0,0,6,0,2375.27,0,177,20,42207.0599999998,11669.24,3,0,818.06,0,9,1,2142.4,320.96,7,1,1165.45,121.46,112,10,16508.71,2276.13,jun 2017,NA,NA,NA,NA
"329","PRESTACIONS ECONÒMIQUES VINCULADES AL SERVEI (SUPORT DOMICILIARI SUPERIOR)","06",197,16,99803.1799999997,42548.91,21,0,12504.68,449.16,32,0,15205.08,1034.63,393,45,121624.869999999,58319.57,21,0,7219.49,0,35,0,10516,729.04,41,2,8946.7,7203.07,692,111,154544.03,67649.63,jun 2017,NA,NA,NA,NA
"330","ASSISTENT PERSONAL","06",9,0,6718.05,0,13,0,11934.07,0,23,0,14135.69,0,2,0,1180.08,0,0,0,0,0,0,0,0,0,0,0,0,0,NA,NA,NA,NA,jun 2017,NA,NA,NA,NA
"331","PRESTACIONS ECONÒMIQUES VINCULADES AL SERVEI (CENTRE DE DIA)","07",174,22,61614.2600000001,34107.72,4,1,2001.5,190.03,9,1,2251.69,2064.79,408,42,90427.7599999996,48335.41,7,1,1649.99,313.91,12,0,2768.48,0,202,1,1395,284.52,9,40,31509.36,43543.86,jul 2017,NA,NA,NA,NA
"332","PRESTACIONS ECONÒMIQUES VINCULADES AL SERVEI (ACOLLIMENT RESIDENCIAL)","07",3625,221,2180860.42000005,526071.75,255,2,213117.34,26691.95,709,10,465526.63,28063.65,3209,257,1185180.12000001,392682.23,320,11,141930.93,25411.28,485,18,194796.219999999,23925.73,0,0,0,0,NA,NA,NA,NA,jul 2017,NA,NA,NA,NA
"333","PRESTACIONS ECONÒMIQUES VINCULADES AL SERVEI (SUPORT DOMICILIARI INFERIOR)","07",38,2,15702.87,1602.29,0,0,0,0,6,0,2375.27,0,188,17,44246.7699999998,12999.65,4,0,887.39,0,9,0,2142.4,0,7,0,1165.45,0,119,7,17507.79,5721.07,jul 2017,NA,NA,NA,NA
"334","PRESTACIONS ECONÒMIQUES VINCULADES AL SERVEI (SUPORT DOMICILIARI SUPERIOR)","07",209,9,105828.78,39415.85,22,1,13238.56,1480.42,33,0,15705.46,4301.44,406,21,126607.039999999,26395.31,21,0,7035.02,0,35,0,10547.92,2180.1,42,2,9414.7,904.46,749,72,168170.64,58900.65,jul 2017,NA,NA,NA,NA
"335","ASSISTENT PERSONAL","07",9,0,6718.05,0,13,0,11934.07,0,23,0,14135.69,0,2,0,1180.08,0,0,0,0,0,0,0,0,0,0,0,0,0,NA,NA,NA,NA,jul 2017,NA,NA,NA,NA
"336","PRESTACIONS ECONÒMIQUES VINCULADES AL SERVEI (CENTRE DE DIA)","08",181,12,62328.4900000001,25034.38,4,0,2001.5,0,7,0,2251.69,0,399,34,89568.9599999996,41828.26,6,1,1663.86,0,15,3,3249.9,1668.93,220,1,1539,566.4,9,44,34390.23,42896.14,ago 2017,NA,NA,NA,NA
"337","PRESTACIONS ECONÒMIQUES VINCULADES AL SERVEI (ACOLLIMENT RESIDENCIAL)","08",3669,179,2238283.75000004,398469.38,251,2,213062.71,1252.95,691,6,460824.6,21463.05,3237,197,1213885.42000002,289571.98,316,10,143977.07,13864.92,486,19,197912.259999999,24425.73,6,0,3550.56,1790.69,NA,NA,NA,NA,ago 2017,NA,NA,NA,NA
"338","PRESTACIONS ECONÒMIQUES VINCULADES AL SERVEI (SUPORT DOMICILIARI INFERIOR)","08",42,5,17290.32,4668.65,0,0,0,0,5,0,1999.99,0,202,17,47998.7199999998,12034.8,4,0,887.39,0,10,0,2142.4,220.63,7,0,1165.45,0,128,9,18681.97,9134.5,ago 2017,NA,NA,NA,NA
"339","PRESTACIONS ECONÒMIQUES VINCULADES AL SERVEI (SUPORT DOMICILIARI SUPERIOR)","08",214,5,109272.3,18356.02,23,0,13905.73,3811.29,32,0,15205.09,0,419,20,131236.779999999,29064.7,20,0,6665.28,0,35,1,10547.92,1366.67,46,3,10378,3688.63,797,56,179168.65,37154.03,ago 2017,NA,NA,NA,NA
"340","ASSISTENT PERSONAL","08",9,0,6718.05,0,13,0,11934.07,0,23,0,14135.69,0,2,0,1180.08,0,0,0,0,0,0,0,0,0,0,0,0,0,NA,NA,NA,NA,ago 2017,NA,NA,NA,NA
"341","PRESTACIONS ECONÒMIQUES VINCULADES AL SERVEI (CENTRE DE DIA)","09",200,44,64400.99,57249.17,4,0,2001.5,0,8,1,2176.63,1175.88,468,99,93834.8399999997,95563.61,5,1,1109.24,541.23,14,0,2768.46,180.72,269,1,1537.97,1144.13,9,87,39750.14,92038.89,sep 2017,NA,NA,NA,NA
"342","PRESTACIONS ECONÒMIQUES VINCULADES AL SERVEI (ACOLLIMENT RESIDENCIAL)","09",3807,348,2236962.33000005,844675.659999999,234,3,194668.02,31487.27,672,14,435398.51,66265.48,3378,422,1210433.48000002,633103.56,310,12,136310,32583.02,486,29,190294.389999999,59090.99,4,0,2669.37,0,NA,NA,NA,NA,sep 2017,NA,NA,NA,NA
"343","PRESTACIONS ECONÒMIQUES VINCULADES AL SERVEI (SUPORT DOMICILIARI INFERIOR)","09",43,4,16855.54,4211,1,0,0,177.58,6,0,2375.27,77.14,235,37,54237.1699999998,24227.17,4,0,887.39,0,10,0,2383.12,1083.71,8,1,1345.45,296.13,136,15,19780.73,7610.59,sep 2017,NA,NA,NA,NA
"344","PRESTACIONS ECONÒMIQUES VINCULADES AL SERVEI (SUPORT DOMICILIARI SUPERIOR)","09",236,22,116383.39,84130.93,25,0,14739.69,10608.26,32,0,14729.73,80.71,468,59,144551.379999999,103139.26,21,0,7035.02,2480.74,36,0,10531.87,1611.64,52,6,11669.46,3286.76,937,158,210109.76,137600.78,sep 2017,NA,NA,NA,NA
"345","ASSISTENT PERSONAL","09",9,0,6718.05,0,13,0,11934.07,0,23,0,14135.69,0,2,0,1180.08,0,0,0,0,0,0,0,0,0,0,0,0,0,NA,NA,NA,NA,sep 2017,NA,NA,NA,NA
"346","PRESTACIONS ECONÒMIQUES VINCULADES AL SERVEI (CENTRE DE DIA)","10",193,16,65379.6500000001,26298.86,4,0,2001.5,0,8,1,2176.63,2135.42,436,44,95061.9199999996,44713.24,4,0,1109.24,0,12,1,2642.1,0,239,0,1537.97,0,9,26,39592.06,35748.75,oct 2017,NA,NA,NA,NA
"347","PRESTACIONS ECONÒMIQUES VINCULADES AL SERVEI (ACOLLIMENT RESIDENCIAL)","10",3780,177,2257476.14000004,455959.36,224,3,189459.19,7405.05,638,6,415497.93,7906.26,3277,206,1201837.31000002,301288.64,303,16,135137.7,20127.46,463,18,186428.559999999,17154.53,0,0,0,0,NA,NA,NA,NA,oct 2017,NA,NA,NA,NA
"348","PRESTACIONS ECONÒMIQUES VINCULADES AL SERVEI (SUPORT DOMICILIARI INFERIOR)","10",45,5,17819.05,7015.93,0,0,0,0,6,0,2375.27,0,239,14,56404.2299999997,9196.66,4,0,887.39,0,9,0,2142.4,0,8,0,1345.45,0,137,6,20103.61,2703.88,oct 2017,NA,NA,NA,NA
"349","PRESTACIONS ECONÒMIQUES VINCULADES AL SERVEI (SUPORT DOMICILIARI SUPERIOR)","10",231,6,119311.64,23349.24,25,0,14072.52,107.82,30,0,14229.35,0,457,10,143634.819999999,20353.74,21,0,7035.02,0,35,0,10531.87,0,59,6,13216.31,5791.16,977,65,219523.19,68987.85,oct 2017,NA,NA,NA,NA
"350","ASSISTENT PERSONAL","10",10,1,7433.12,1360.94,13,0,11934.07,0,23,0,14135.69,0,2,0,1180.08,0,0,0,0,0,0,0,0,0,0,0,0,0,NA,NA,NA,NA,oct 2017,NA,NA,NA,NA
"351","PRESTACIONS ECONÒMIQUES VINCULADES AL SERVEI (SUPORT DOMICILIARI INFERIOR)","01",42,0,17027.43,0,NA,NA,NA,NA,5,0,1999.99,0,274,11,65404.78,10946.87,5,1,1164.7,554.62,9,0,2046.11,0,8,0,1273.45,0,141,5,20248.03,1602.69,ene 2018,NA,NA,NA,NA
"352","PRESTACIONS ECONÒMIQUES VINCULADES AL SERVEI (SUPORT DOMICILIARI SUPERIOR)","01",248,7,125660.5,16559.5,23,0,13371.99,871.3,29,0,13829.05,8684.92,501,22,157855.33,50147.99,22,0,7386.28,0,34,0,10226.96,0,55,1,12315.28,673.1,1167,65,263491.96,71965.33,ene 2018,NA,NA,NA,NA
"353","ASSISTENT PERSONAL","01",11,0,8393.23,0,13,0,11934.07,0,23,0,14135.69,0,2,0,1180.08,0,1,0,404.81,794.64,NA,NA,NA,NA,NA,NA,NA,NA,NA,NA,NA,NA,ene 2018,NA,NA,NA,NA
"354","PRESTACIONS ECONÒMIQUES VINCULADES AL SERVEI (ACOLLIMENT RESIDENCIAL)","01",3778,158,2290346.5,502176.85,199,0,168944.88,3336.61,570,7,373851.84,26066.46,3278,183,1211031.15,298356.46,276,6,121633.88,11949.21,406,8,160895.8,14524.44,3,0,1954.3,0,11,1,5105.02,611.1,ene 2018,NA,NA,NA,NA
"355","PRESTACIONS ECONÒMIQUES VINCULADES AL SERVEI (CENTRE DE DIA)","01",188,17,66663.28,22381.62,4,0,2001.5,0,9,1,2758.32,362.77,452,44,99081.39,46000.78,4,0,925.28,0,11,1,2455.54,1437.53,9,0,1321.97,1.88,253,30,41174.91,15462.33,ene 2018,NA,NA,NA,NA
"356","PRESTACIONS ECONÒMIQUES VINCULADES AL SERVEI (SUPORT DOMICILIARI INFERIOR)","02",37,1,14324.48,2703.63,1,0,500.38,1201.96,5,0,1999.99,0,294,27,68825.19,21050.19,5,0,1143.9,0,7,0,1576.71,0,6,0,985.45,0,147,12,21291.74,5385.11,feb 2018,NA,NA,NA,NA
"357","PRESTACIONS ECONÒMIQUES VINCULADES AL SERVEI (SUPORT DOMICILIARI SUPERIOR)","02",245,14,124900.72,48170.76,25,0,13996.56,319.34,27,0,12853.31,0,518,43,163705.04,71107.93,22,0,7330.7,173.48,32,0,9504.8,0,56,5,12533.28,4171.04,1238,105,277929.33,118322.87,feb 2018,NA,NA,NA,NA
"358","ASSISTENT PERSONAL","02",11,0,8393.23,0,13,0,11934.07,0,23,0,14135.69,0,2,0,1180.08,0,1,0,404.81,0,NA,NA,NA,NA,NA,NA,NA,NA,NA,NA,NA,NA,feb 2018,NA,NA,NA,NA
"359","PRESTACIONS ECONÒMIQUES VINCULADES AL SERVEI (ACOLLIMENT RESIDENCIAL)","02",3614,198,2165522.9,596867.68,184,2,156745.39,4689.2,530,17,344343.98,30722.92,3108,242,1143774.51,482393.05,259,14,115729.14,16749.89,380,25,147583.28,46151.97,NA,NA,NA,NA,NA,NA,NA,NA,feb 2018,NA,NA,NA,NA
"360","PRESTACIONS ECONÒMIQUES VINCULADES AL SERVEI (CENTRE DE DIA)","02",184,10,61179.24,41319.78,4,0,2001.5,0,8,2,2672.01,128.32,447,50,95609.22,64214.68,8,3,1427.83,1456.39,13,2,2614.42,144.43,11,3,1681.97,1649.23,265,48,42433.36,54988.1,feb 2018,NA,NA,NA,NA
"361","PRESTACIONS ECONÒMIQUES VINCULADES AL SERVEI (SUPORT DOMICILIARI INFERIOR)","03",46,9,17821.16,16795.7,1,0,500.38,0,5,0,1857.64,0,324,44,76373.18,39441.58,6,0,1282.56,0,9,2,2057.43,1388.69,4,0,679.45,0,165,23,23692.41,13278.1,mar 2018,NA,NA,NA,NA
"362","PRESTACIONS ECONÒMIQUES VINCULADES AL SERVEI (SUPORT DOMICILIARI SUPERIOR)","03",254,22,129883.43,49626.34,24,0,13329.39,14.77,27,0,12853.31,0,564,56,176767.9,91993.5,22,0,7330.7,0,32,0,9504.8,417.22,57,3,12681.63,2511.17,1402,198,314634.8,166634.79,mar 2018,NA,NA,NA,NA
"363","ASSISTENT PERSONAL","03",12,0,8691.51,2914.27,13,0,11934.07,0,22,0,13134.94,0,3,1,1730.08,550,1,0,404.81,315.33,NA,NA,NA,NA,NA,NA,NA,NA,NA,NA,NA,NA,mar 2018,NA,NA,NA,NA
"364","PRESTACIONS ECONÒMIQUES VINCULADES AL SERVEI (ACOLLIMENT RESIDENCIAL)","03",3747,342,2182741.54,957909.33,177,3,149653.03,10886.09,505,13,327204.96,40886.99,3406,536,1203330.96,876917.72,247,8,107857.91,14600.15,368,31,145434.91,47577.05,NA,NA,NA,NA,NA,NA,NA,NA,mar 2018,NA,NA,NA,NA
"365","PRESTACIONS ECONÒMIQUES VINCULADES AL SERVEI (CENTRE DE DIA)","03",199,39,65112.36,68996.22,3,1,1072.23,504.54,10,2,3415.07,1013.89,518,100,102466.39,137274.76,8,2,1743.34,263.44,12,0,2202.79,2837.98,11,1,1861.97,824.55,334,104,49164.5,116335.71,mar 2018,NA,NA,NA,NA
"366","PRESTACIONS ECONÒMIQUES VINCULADES AL SERVEI (SUPORT DOMICILIARI INFERIOR)","04",42,3,15869.02,4942.86,1,0,500.38,0,2,0,731.8,0,335,21,79767.81,14340.51,6,0,1282.56,0,8,0,1817.43,0,3,0,499.45,0,180,23,25547.63,8119.75,abr 2018,NA,NA,NA,NA
"367","PRESTACIONS ECONÒMIQUES VINCULADES AL SERVEI (SUPORT DOMICILIARI SUPERIOR)","04",249,10,126362.61,27816.07,18,0,9389.9,0,18,0,8665.36,841.58,549,31,172367.45,39950.47,12,0,3424.49,730.74,30,0,8397.5,817.18,57,2,12666.43,724.71,1471,124,330491.4,105051.29,abr 2018,NA,NA,NA,NA
"368","ASSISTENT PERSONAL","04",11,0,8393.23,0,13,0,11934.07,0,22,0,13134.94,0,4,0,2028.36,0,1,0,404.81,0,NA,NA,NA,NA,NA,NA,NA,NA,NA,NA,NA,NA,abr 2018,NA,NA,NA,NA
"369","PRESTACIONS ECONÒMIQUES VINCULADES AL SERVEI (ACOLLIMENT RESIDENCIAL)","04",3722,251,2210897.74,706894.17,174,5,146085.61,14658.86,483,7,311038.29,41868.07,3349,336,1216507.63,499371.86,246,8,104692.85,11843.42,369,27,143669.23,57960.79,NA,NA,NA,NA,NA,NA,NA,NA,abr 2018,NA,NA,NA,NA
"370","PRESTACIONS ECONÒMIQUES VINCULADES AL SERVEI (CENTRE DE DIA)","04",191,24,67454.06,41578.14,2,0,1000.75,0,12,2,3565.18,884.09,503,81,106155.69,87080.45,7,1,1757.21,1659.83,9,0,1962.07,0,13,1,1933.97,1904.8,318,51,50243.14,41392.51,abr 2018,NA,NA,NA,NA
"376","PRESTACIONS ECONÒMIQUES VINCULADES AL SERVEI (SUPORT DOMICILIARI INFERIOR)","06",55,8,20352.51,9331.84,1,0,500.38,0,2,0,731.8,0,359,27,85045.85,25117.84,6,0,1282.56,0,9,0,2046.11,0,2,0,360,0,218,23,30656.41,6765.68,jun 2018,NA,NA,NA,NA
"377","PRESTACIONS ECONÒMIQUES VINCULADES AL SERVEI (SUPORT DOMICILIARI SUPERIOR)","06",275,11,142517.35,27205.2,19,0,10257.22,0,18,0,8665.36,11.42,587,21,185797.45,38239.48,16,0,5315.72,3757.04,31,0,9060.82,1008.63,57,0,12726.62,718.92,1779,166,399574.56,126220.63,jun 2018,NA,NA,NA,NA
"378","ASSISTENT PERSONAL","06",11,0,8393.23,0,13,0,11934.07,0,21,0,12744.74,0,4,0,2028.36,0,1,0,404.81,0,NA,NA,NA,NA,NA,NA,NA,NA,NA,NA,NA,NA,jun 2018,NA,NA,NA,NA
"379","PRESTACIONS ECONÒMIQUES VINCULADES AL SERVEI (ACOLLIMENT RESIDENCIAL)","06",3846,222,2295366.02,675447.97,161,3,134897.13,61047.28,455,9,293096.57,38293.68,3558,307,1295318.06,588905.2,227,5,97633.35,22160.63,357,20,140773.78,34102.44,1,0,426.12,0,5,1,2560.38,2889.62,jun 2018,NA,NA,NA,NA
"380","PRESTACIONS ECONÒMIQUES VINCULADES AL SERVEI (CENTRE DE DIA)","06",195,13,69610.3,29393.87,3,0,1501.13,531.57,13,1,3640.24,1615.61,495,43,109605.51,61799.89,10,1,2028.81,1567.86,10,1,1817.64,427.23,12,1,1897.97,4472.13,339,40,53166.17,38499.93,jun 2018,NA,NA,NA,NA
"381","PRESTACIONS ECONÒMIQUES VINCULADES AL SERVEI (SUPORT DOMICILIARI INFERIOR)","07",203,27,53591.74,23286.87,NA,NA,NA,NA,2,0,750.56,1125.84,264,11,63737.08,9190.52,5,0,1143.9,0,7,0,1576.71,0,2,0,360,0,198,10,28188.23,7182.25,jul 2018,NA,NA,NA,NA
"382","PRESTACIONS ECONÒMIQUES VINCULADES AL SERVEI (SUPORT DOMICILIARI SUPERIOR)","07",685,54,253323.7,71937.73,15,0,8131.52,2001.51,19,0,8690.38,5213.64,445,11,140717.03,18359.8,13,0,4363.37,1109.22,24,0,7209.95,914.73,51,0,11378.75,0,1638,91,367762.23,68643.09,jul 2018,NA,NA,NA,NA
"383","ASSISTENT PERSONAL","07",14,1,10389.58,4581.19,13,0,11934.07,0,21,0,12744.74,0,3,0,1730.08,0,1,0,404.81,0,NA,NA,NA,NA,NA,NA,NA,NA,NA,NA,NA,NA,jul 2018,NA,NA,NA,NA
"384","PRESTACIONS ECONÒMIQUES VINCULADES AL SERVEI (ACOLLIMENT RESIDENCIAL)","07",3044,178,1679078.97,405342.52,160,4,105899.98,15553.81,468,12,276617.62,21009.53,3306,232,1443313.32,394681.55,259,15,139493.39,14827.82,451,22,226362.97,42667.74,107,7,52267.12,12917.08,768,51,349824.22,127353.8,jul 2018,24,1,11101.54,240.67
"385","PRESTACIONS ECONÒMIQUES VINCULADES AL SERVEI (CENTRE DE DIA)","07",152,16,42110.28,25851.6,7,0,2047.83,0,25,4,6848.85,7409.22,436,49,100599.64,59399.36,19,2,4730.57,2118.89,24,0,5756.84,958.06,13,0,3025.53,0,433,74,84997.82,54890.02,jul 2018,NA,NA,NA,NA
"386","PRESTACIONS ECONÒMIQUES VINCULADES AL SERVEI (SUPORT DOMICILIARI INFERIOR)","08",62,2,23481.76,1794.42,1,0,500.38,0,4,0,1482.36,1501.12,390,17,93436.79,25214.36,8,1,1813.18,1604.44,8,0,1817.43,0,2,0,285.3,0,235,18,32881.69,7617.83,ago 2018,NA,NA,NA,NA
"387","PRESTACIONS ECONÒMIQUES VINCULADES AL SERVEI (SUPORT DOMICILIARI SUPERIOR)","08",278,8,146769.44,25159.52,16,0,8322.43,0,26,0,12314.76,8839.06,612,19,195104.18,42369.7,15,0,5028.91,581.74,36,0,10986.58,4906.82,25,1,5698.35,1349.16,2027,138,453272.02,129809.28,ago 2018,2,0,440.8,0
"388","ASSISTENT PERSONAL","08",13,0,10466.93,5106.96,12,0,11433.52,0,21,0,12744.74,0,5,0,2582.32,0,1,0,404.81,0,NA,NA,NA,NA,NA,NA,NA,NA,NA,NA,NA,NA,ago 2018,NA,NA,NA,NA
"389","PRESTACIONS ECONÒMIQUES VINCULADES AL SERVEI (ACOLLIMENT RESIDENCIAL)","08",3739,145,2321091.43,452921.76,155,0,130891.02,2955.12,440,8,286549.31,15738.23,3776,284,1389528.09,439591.77,232,18,97691.91,19342.43,378,19,148039.72,35022.12,1,0,426.12,0,2,0,1430.14,0,ago 2018,1,0,426.12,0
"390","PRESTACIONS ECONÒMIQUES VINCULADES AL SERVEI (CENTRE DE DIA)","08",194,21,72348.96,44780.41,3,0,1501.13,0,11,0,3621.47,236.07,477,23,110366.73,21102.14,11,0,2554.72,25.81,8,2,1588.96,481.44,4,0,711,0,402,61,64877.06,53314.98,ago 2018,NA,NA,NA,NA
"391","PRESTACIONS ECONÒMIQUES VINCULADES AL SERVEI (SUPORT DOMICILIARI INFERIOR)","09",67,5,24585.03,11367.74,1,0,500.38,0,4,0,1482.36,24.21,397,28,94754.74,22792.69,8,0,1813.18,0,7,0,1576.71,0,2,0,285.3,0,249,22,34929.97,12301.61,sep 2018,NA,NA,NA,NA
"392","PRESTACIONS ECONÒMIQUES VINCULADES AL SERVEI (SUPORT DOMICILIARI SUPERIOR)","09",284,16,149067.66,49769.62,15,0,8164.88,0,24,0,11364.04,0,640,39,202643.43,66149.04,15,0,5028.91,404.22,36,0,10665.62,87.76,26,1,5692.54,697.89,2164,212,483277.15,189604.15,sep 2018,1,0,200.8,83.34
"393","ASSISTENT PERSONAL","09",13,0,10466.93,0,12,0,11433.52,0,22,1,12901.11,651.54,7,2,3562.4,5390.43,1,0,404.81,0,2,2,603.85,1512.37,NA,NA,NA,NA,1,1,480,960,sep 2018,NA,NA,NA,NA
"394","PRESTACIONS ECONÒMIQUES VINCULADES AL SERVEI (ACOLLIMENT RESIDENCIAL)","09",3869,335,2291657.44,921748.17,150,2,121493.84,3573.71,434,12,276225.35,75665.08,3947,554,1393869.74,811006.14,222,10,90340.95,18443.05,385,36,139464.95,51043.96,NA,NA,NA,NA,1,0,715.07,0,sep 2018,NA,NA,NA,NA
"395","PRESTACIONS ECONÒMIQUES VINCULADES AL SERVEI (CENTRE DE DIA)","09",209,37,71804.16,54534.3,3,0,1501.13,0,11,3,3574.95,814.66,536,94,112768.45,103079.16,7,0,1757.21,0,7,0,1588.96,0,3,0,540,0,425,85,64672.52,73192.09,sep 2018,NA,NA,NA,NA
"396","PRESTACIONS ECONÒMIQUES VINCULADES AL SERVEI (SUPORT DOMICILIARI INFERIOR)","05",47,5,17960.6,4674.77,1,0,500.38,0,2,0,731.8,0,343,29,81327.67,22675.28,6,0,1282.56,0,8,0,1817.43,0,3,0,499.45,0,196,22,27856.16,11220.95,may 2018,NA,NA,NA,NA
"397","PRESTACIONS ECONÒMIQUES VINCULADES AL SERVEI (SUPORT DOMICILIARI SUPERIOR)","05",266,20,138015.27,54518.95,19,0,10257.22,1149.56,19,0,9165.74,254.12,580,40,182448.24,69942.54,11,0,3467.02,0,29,0,8782.65,567.71,57,3,12466.95,2046.29,1638,204,367940.17,174561.2,may 2018,NA,NA,NA,NA
"398","ASSISTENT PERSONAL","05",11,0,8393.23,0,13,0,11934.07,0,22,0,13745.49,1801.35,4,0,2028.36,0,1,0,404.81,0,NA,NA,NA,NA,NA,NA,NA,NA,NA,NA,NA,NA,may 2018,NA,NA,NA,NA
"399","PRESTACIONS ECONÒMIQUES VINCULADES AL SERVEI (ACOLLIMENT RESIDENCIAL)","05",3866,342,2301408.91,842517.75,170,4,139847.08,11573.76,464,11,301421.61,39516.43,3516,467,1270926,704448.94,229,10,98721.42,8884.19,378,32,146615.79,74498.73,NA,NA,NA,NA,NA,NA,NA,NA,may 2018,NA,NA,NA,NA
"400","PRESTACIONS ECONÒMIQUES VINCULADES AL SERVEI (CENTRE DE DIA)","05",213,32,74819.79,44240.54,2,0,1000.75,0,12,1,3940.46,1483.13,508,83,109572.91,87815.18,7,1,1757.21,831.93,10,1,2202.79,466.41,13,2,1933.97,288,342,75,53702.51,61941.72,may 2018,NA,NA,NA,NA
